5305.488833 start frame=0 live=0 outer=800x572 native=800x540 backing=800x540 glfw=800x540 framebuffer=800x540 drawn=0x0 previous=0x0
5305.504829 refresh frame=0 live=0 outer=800x572 native=800x540 backing=800x540 glfw=800x540 framebuffer=800x540 drawn=0x0 previous=0x0
5305.511447 before-swap frame=1 live=0 outer=800x572 native=800x540 backing=800x540 glfw=800x540 framebuffer=800x540 drawn=800x540 previous=0x0
5305.512280 after-swap frame=1 live=0 outer=800x572 native=800x540 backing=800x540 glfw=800x540 framebuffer=800x540 drawn=800x540 previous=0x0
5318.027985 framebuffer-size frame=1453 live=1 outer=942x652 native=942x620 backing=942x620 glfw=942x620 framebuffer=942x620 drawn=942x620 previous=800x540
5318.028046 window-size frame=1453 live=1 outer=942x652 native=942x620 backing=942x620 glfw=942x620 framebuffer=942x620 drawn=942x620 previous=800x540
5318.030017 refresh frame=1453 live=0 outer=942x652 native=942x620 backing=942x620 glfw=942x620 framebuffer=942x620 drawn=0x0 previous=800x540
5318.030146 before-swap frame=1454 live=0 outer=942x652 native=942x620 backing=942x620 glfw=942x620 framebuffer=942x620 drawn=942x620 previous=800x540
5318.031559 after-swap frame=1454 live=0 outer=942x652 native=942x620 backing=942x620 glfw=942x620 framebuffer=942x620 drawn=942x620 previous=800x540
5336.255947 framebuffer-size frame=3531 live=0 outer=1157x829 native=1157x797 backing=1157x797 glfw=1157x797 framebuffer=1157x797 drawn=1157x797 previous=942x620
5336.256012 window-size frame=3531 live=0 outer=1157x829 native=1157x797 backing=1157x797 glfw=1157x797 framebuffer=1157x797 drawn=1157x797 previous=942x620
5336.256182 before-swap frame=3532 live=0 outer=1157x829 native=1157x797 backing=1157x797 glfw=1157x797 framebuffer=1157x797 drawn=1157x797 previous=942x620
5336.257577 after-swap frame=3532 live=0 outer=1157x829 native=1157x797 backing=1157x797 glfw=1157x797 framebuffer=1157x797 drawn=1157x797 previous=942x620
5336.258814 refresh frame=3532 live=0 outer=1157x829 native=1157x797 backing=1157x797 glfw=1157x797 framebuffer=1157x797 drawn=0x0 previous=1157x797
5336.320125 framebuffer-size frame=3538 live=0 outer=1035x806 native=1035x774 backing=1035x774 glfw=1035x774 framebuffer=1035x774 drawn=1035x774 previous=1157x797
5336.320187 window-size frame=3538 live=0 outer=1035x806 native=1035x774 backing=1035x774 glfw=1035x774 framebuffer=1035x774 drawn=1035x774 previous=1157x797
5336.320377 before-swap frame=3539 live=0 outer=1035x806 native=1035x774 backing=1035x774 glfw=1035x774 framebuffer=1035x774 drawn=1035x774 previous=1157x797
5336.321134 after-swap frame=3539 live=0 outer=1035x806 native=1035x774 backing=1035x774 glfw=1035x774 framebuffer=1035x774 drawn=1035x774 previous=1157x797
5336.348765 refresh frame=3542 live=0 outer=1035x806 native=1035x774 backing=1035x774 glfw=1035x774 framebuffer=1035x774 drawn=0x0 previous=1035x774
5336.377926 framebuffer-size frame=3545 live=0 outer=1312x856 native=1312x824 backing=1312x824 glfw=1312x824 framebuffer=1312x824 drawn=1312x824 previous=1035x774
5336.377961 window-size frame=3545 live=0 outer=1312x856 native=1312x824 backing=1312x824 glfw=1312x824 framebuffer=1312x824 drawn=1312x824 previous=1035x774
5336.378116 before-swap frame=3546 live=0 outer=1312x856 native=1312x824 backing=1312x824 glfw=1312x824 framebuffer=1312x824 drawn=1312x824 previous=1035x774
5336.378930 after-swap frame=3546 live=0 outer=1312x856 native=1312x824 backing=1312x824 glfw=1312x824 framebuffer=1312x824 drawn=1312x824 previous=1035x774
5336.379565 refresh frame=3546 live=0 outer=1312x856 native=1312x824 backing=1312x824 glfw=1312x824 framebuffer=1312x824 drawn=0x0 previous=1312x824
5336.444908 framebuffer-size frame=3552 live=0 outer=1393x845 native=1393x813 backing=1393x813 glfw=1393x813 framebuffer=1393x813 drawn=1393x813 previous=1312x824
5336.444939 window-size frame=3552 live=0 outer=1393x845 native=1393x813 backing=1393x813 glfw=1393x813 framebuffer=1393x813 drawn=1393x813 previous=1312x824
5336.445236 before-swap frame=3553 live=0 outer=1393x845 native=1393x813 backing=1393x813 glfw=1393x813 framebuffer=1393x813 drawn=1393x813 previous=1312x824
5336.446020 after-swap frame=3553 live=0 outer=1393x845 native=1393x813 backing=1393x813 glfw=1393x813 framebuffer=1393x813 drawn=1393x813 previous=1312x824
5336.457654 refresh frame=3554 live=0 outer=1393x845 native=1393x813 backing=1393x813 glfw=1393x813 framebuffer=1393x813 drawn=0x0 previous=1393x813
5336.971250 framebuffer-size frame=3615 live=0 outer=699x653 native=699x621 backing=699x621 glfw=699x621 framebuffer=699x621 drawn=699x621 previous=1393x813
5336.971307 window-size frame=3615 live=0 outer=699x653 native=699x621 backing=699x621 glfw=699x621 framebuffer=699x621 drawn=699x621 previous=1393x813
5336.971584 before-swap frame=3616 live=0 outer=699x653 native=699x621 backing=699x621 glfw=699x621 framebuffer=699x621 drawn=699x621 previous=1393x813
5336.972493 after-swap frame=3616 live=0 outer=699x653 native=699x621 backing=699x621 glfw=699x621 framebuffer=699x621 drawn=699x621 previous=1393x813
5336.999238 refresh frame=3619 live=0 outer=699x653 native=699x621 backing=699x621 glfw=699x621 framebuffer=699x621 drawn=0x0 previous=699x621
5337.053089 framebuffer-size frame=3624 live=0 outer=926x659 native=926x627 backing=926x627 glfw=926x627 framebuffer=926x627 drawn=926x627 previous=699x621
5337.053120 window-size frame=3624 live=0 outer=926x659 native=926x627 backing=926x627 glfw=926x627 framebuffer=926x627 drawn=926x627 previous=699x621
5337.053263 before-swap frame=3625 live=0 outer=926x659 native=926x627 backing=926x627 glfw=926x627 framebuffer=926x627 drawn=926x627 previous=699x621
5337.053876 after-swap frame=3625 live=0 outer=926x659 native=926x627 backing=926x627 glfw=926x627 framebuffer=926x627 drawn=926x627 previous=699x621
5337.054290 refresh frame=3625 live=0 outer=926x659 native=926x627 backing=926x627 glfw=926x627 framebuffer=926x627 drawn=0x0 previous=926x627
5337.136490 framebuffer-size frame=3633 live=0 outer=1088x761 native=1088x729 backing=1088x729 glfw=1088x729 framebuffer=1088x729 drawn=1088x729 previous=926x627
5337.136522 window-size frame=3633 live=0 outer=1088x761 native=1088x729 backing=1088x729 glfw=1088x729 framebuffer=1088x729 drawn=1088x729 previous=926x627
5337.136655 before-swap frame=3634 live=0 outer=1088x761 native=1088x729 backing=1088x729 glfw=1088x729 framebuffer=1088x729 drawn=1088x729 previous=926x627
5337.137329 after-swap frame=3634 live=0 outer=1088x761 native=1088x729 backing=1088x729 glfw=1088x729 framebuffer=1088x729 drawn=1088x729 previous=926x627
5337.137778 refresh frame=3634 live=0 outer=1088x761 native=1088x729 backing=1088x729 glfw=1088x729 framebuffer=1088x729 drawn=0x0 previous=1088x729
5337.203667 framebuffer-size frame=3639 live=0 outer=1091x762 native=1091x730 backing=1091x730 glfw=1091x730 framebuffer=1091x730 drawn=1091x730 previous=1088x729
5337.203699 window-size frame=3639 live=0 outer=1091x762 native=1091x730 backing=1091x730 glfw=1091x730 framebuffer=1091x730 drawn=1091x730 previous=1088x729
5337.203843 before-swap frame=3640 live=0 outer=1091x762 native=1091x730 backing=1091x730 glfw=1091x730 framebuffer=1091x730 drawn=1091x730 previous=1088x729
5337.204551 after-swap frame=3640 live=0 outer=1091x762 native=1091x730 backing=1091x730 glfw=1091x730 framebuffer=1091x730 drawn=1091x730 previous=1088x729
5337.240529 refresh frame=3643 live=0 outer=1091x762 native=1091x730 backing=1091x730 glfw=1091x730 framebuffer=1091x730 drawn=0x0 previous=1091x730
5337.270065 framebuffer-size frame=3646 live=0 outer=1089x762 native=1089x730 backing=1089x730 glfw=1089x730 framebuffer=1089x730 drawn=1089x730 previous=1091x730
5337.270096 window-size frame=3646 live=0 outer=1089x762 native=1089x730 backing=1089x730 glfw=1089x730 framebuffer=1089x730 drawn=1089x730 previous=1091x730
5337.270263 before-swap frame=3647 live=0 outer=1089x762 native=1089x730 backing=1089x730 glfw=1089x730 framebuffer=1089x730 drawn=1089x730 previous=1091x730
5337.270917 after-swap frame=3647 live=0 outer=1089x762 native=1089x730 backing=1089x730 glfw=1089x730 framebuffer=1089x730 drawn=1089x730 previous=1091x730
5337.271385 refresh frame=3647 live=0 outer=1089x762 native=1089x730 backing=1089x730 glfw=1089x730 framebuffer=1089x730 drawn=0x0 previous=1089x730
5337.328705 framebuffer-size frame=3652 live=0 outer=998x718 native=998x686 backing=998x686 glfw=998x686 framebuffer=998x686 drawn=998x686 previous=1089x730
5337.328749 window-size frame=3652 live=0 outer=998x718 native=998x686 backing=998x686 glfw=998x686 framebuffer=998x686 drawn=998x686 previous=1089x730
5337.329400 refresh frame=3652 live=0 outer=998x718 native=998x686 backing=998x686 glfw=998x686 framebuffer=998x686 drawn=0x0 previous=1089x730
5337.329477 before-swap frame=3653 live=0 outer=998x718 native=998x686 backing=998x686 glfw=998x686 framebuffer=998x686 drawn=998x686 previous=1089x730
5337.330179 after-swap frame=3653 live=0 outer=998x718 native=998x686 backing=998x686 glfw=998x686 framebuffer=998x686 drawn=998x686 previous=1089x730
5337.378175 framebuffer-size frame=3658 live=0 outer=936x680 native=936x648 backing=936x648 glfw=936x648 framebuffer=936x648 drawn=936x648 previous=998x686
5337.378209 window-size frame=3658 live=0 outer=936x680 native=936x648 backing=936x648 glfw=936x648 framebuffer=936x648 drawn=936x648 previous=998x686
5337.378367 before-swap frame=3659 live=0 outer=936x680 native=936x648 backing=936x648 glfw=936x648 framebuffer=936x648 drawn=936x648 previous=998x686
5337.379188 after-swap frame=3659 live=0 outer=936x680 native=936x648 backing=936x648 glfw=936x648 framebuffer=936x648 drawn=936x648 previous=998x686
5337.379619 refresh frame=3659 live=0 outer=936x680 native=936x648 backing=936x648 glfw=936x648 framebuffer=936x648 drawn=0x0 previous=936x648
5337.436425 framebuffer-size frame=3664 live=0 outer=859x618 native=859x586 backing=859x586 glfw=859x586 framebuffer=859x586 drawn=859x586 previous=936x648
5337.436460 window-size frame=3664 live=0 outer=859x618 native=859x586 backing=859x586 glfw=859x586 framebuffer=859x586 drawn=859x586 previous=936x648
5337.436600 before-swap frame=3665 live=0 outer=859x618 native=859x586 backing=859x586 glfw=859x586 framebuffer=859x586 drawn=859x586 previous=936x648
5337.437249 after-swap frame=3665 live=0 outer=859x618 native=859x586 backing=859x586 glfw=859x586 framebuffer=859x586 drawn=859x586 previous=936x648
5337.437667 refresh frame=3665 live=0 outer=859x618 native=859x586 backing=859x586 glfw=859x586 framebuffer=859x586 drawn=0x0 previous=859x586
5337.495578 framebuffer-size frame=3670 live=0 outer=841x602 native=841x570 backing=841x570 glfw=841x570 framebuffer=841x570 drawn=841x570 previous=859x586
5337.495613 window-size frame=3670 live=0 outer=841x602 native=841x570 backing=841x570 glfw=841x570 framebuffer=841x570 drawn=841x570 previous=859x586
5337.495755 before-swap frame=3671 live=0 outer=841x602 native=841x570 backing=841x570 glfw=841x570 framebuffer=841x570 drawn=841x570 previous=859x586
5337.496364 after-swap frame=3671 live=0 outer=841x602 native=841x570 backing=841x570 glfw=841x570 framebuffer=841x570 drawn=841x570 previous=859x586
5337.524732 refresh frame=3673 live=0 outer=841x602 native=841x570 backing=841x570 glfw=841x570 framebuffer=841x570 drawn=0x0 previous=841x570
5337.586442 framebuffer-size frame=3678 live=0 outer=843x602 native=843x570 backing=843x570 glfw=843x570 framebuffer=843x570 drawn=843x570 previous=841x570
5337.586475 window-size frame=3678 live=0 outer=843x602 native=843x570 backing=843x570 glfw=843x570 framebuffer=843x570 drawn=843x570 previous=841x570
5337.586641 before-swap frame=3679 live=0 outer=843x602 native=843x570 backing=843x570 glfw=843x570 framebuffer=843x570 drawn=843x570 previous=841x570
5337.587258 after-swap frame=3679 live=0 outer=843x602 native=843x570 backing=843x570 glfw=843x570 framebuffer=843x570 drawn=843x570 previous=841x570
5337.587670 refresh frame=3679 live=0 outer=843x602 native=843x570 backing=843x570 glfw=843x570 framebuffer=843x570 drawn=0x0 previous=843x570
5337.644634 framebuffer-size frame=3684 live=0 outer=883x627 native=883x595 backing=883x595 glfw=883x595 framebuffer=883x595 drawn=883x595 previous=843x570
5337.644666 window-size frame=3684 live=0 outer=883x627 native=883x595 backing=883x595 glfw=883x595 framebuffer=883x595 drawn=883x595 previous=843x570
5337.644817 before-swap frame=3685 live=0 outer=883x627 native=883x595 backing=883x595 glfw=883x595 framebuffer=883x595 drawn=883x595 previous=843x570
5337.645421 after-swap frame=3685 live=0 outer=883x627 native=883x595 backing=883x595 glfw=883x595 framebuffer=883x595 drawn=883x595 previous=843x570
5337.645856 refresh frame=3685 live=0 outer=883x627 native=883x595 backing=883x595 glfw=883x595 framebuffer=883x595 drawn=0x0 previous=883x595
5337.703895 framebuffer-size frame=3690 live=0 outer=931x663 native=931x631 backing=931x631 glfw=931x631 framebuffer=931x631 drawn=931x631 previous=883x595
5337.703930 window-size frame=3690 live=0 outer=931x663 native=931x631 backing=931x631 glfw=931x631 framebuffer=931x631 drawn=931x631 previous=883x595
5337.704060 before-swap frame=3691 live=0 outer=931x663 native=931x631 backing=931x631 glfw=931x631 framebuffer=931x631 drawn=931x631 previous=883x595
5337.704814 after-swap frame=3691 live=0 outer=931x663 native=931x631 backing=931x631 glfw=931x631 framebuffer=931x631 drawn=931x631 previous=883x595
5337.749565 refresh frame=3694 live=0 outer=931x663 native=931x631 backing=931x631 glfw=931x631 framebuffer=931x631 drawn=0x0 previous=931x631
5337.787161 framebuffer-size frame=3698 live=0 outer=977x696 native=977x664 backing=977x664 glfw=977x664 framebuffer=977x664 drawn=977x664 previous=931x631
5337.787190 window-size frame=3698 live=0 outer=977x696 native=977x664 backing=977x664 glfw=977x664 framebuffer=977x664 drawn=977x664 previous=931x631
5337.787330 before-swap frame=3699 live=0 outer=977x696 native=977x664 backing=977x664 glfw=977x664 framebuffer=977x664 drawn=977x664 previous=931x631
5337.787967 after-swap frame=3699 live=0 outer=977x696 native=977x664 backing=977x664 glfw=977x664 framebuffer=977x664 drawn=977x664 previous=931x631
5337.803418 refresh frame=3701 live=0 outer=977x696 native=977x664 backing=977x664 glfw=977x664 framebuffer=977x664 drawn=0x0 previous=977x664
5337.869063 framebuffer-size frame=3707 live=0 outer=1032x735 native=1032x703 backing=1032x703 glfw=1032x703 framebuffer=1032x703 drawn=1032x703 previous=977x664
5337.869098 window-size frame=3707 live=0 outer=1032x735 native=1032x703 backing=1032x703 glfw=1032x703 framebuffer=1032x703 drawn=1032x703 previous=977x664
5337.869259 before-swap frame=3708 live=0 outer=1032x735 native=1032x703 backing=1032x703 glfw=1032x703 framebuffer=1032x703 drawn=1032x703 previous=977x664
5337.869922 after-swap frame=3708 live=0 outer=1032x735 native=1032x703 backing=1032x703 glfw=1032x703 framebuffer=1032x703 drawn=1032x703 previous=977x664
5337.870372 refresh frame=3708 live=0 outer=1032x735 native=1032x703 backing=1032x703 glfw=1032x703 framebuffer=1032x703 drawn=0x0 previous=1032x703
5337.935824 framebuffer-size frame=3714 live=0 outer=1095x767 native=1095x735 backing=1095x735 glfw=1095x735 framebuffer=1095x735 drawn=1095x735 previous=1032x703
5337.935860 window-size frame=3714 live=0 outer=1095x767 native=1095x735 backing=1095x735 glfw=1095x735 framebuffer=1095x735 drawn=1095x735 previous=1032x703
5337.936029 before-swap frame=3715 live=0 outer=1095x767 native=1095x735 backing=1095x735 glfw=1095x735 framebuffer=1095x735 drawn=1095x735 previous=1032x703
5337.936762 after-swap frame=3715 live=0 outer=1095x767 native=1095x735 backing=1095x735 glfw=1095x735 framebuffer=1095x735 drawn=1095x735 previous=1032x703
5337.937195 refresh frame=3715 live=0 outer=1095x767 native=1095x735 backing=1095x735 glfw=1095x735 framebuffer=1095x735 drawn=0x0 previous=1095x735
5337.996131 framebuffer-size frame=3720 live=0 outer=1122x783 native=1122x751 backing=1122x751 glfw=1122x751 framebuffer=1122x751 drawn=1122x751 previous=1095x735
5337.996163 window-size frame=3720 live=0 outer=1122x783 native=1122x751 backing=1122x751 glfw=1122x751 framebuffer=1122x751 drawn=1122x751 previous=1095x735
5337.996310 before-swap frame=3721 live=0 outer=1122x783 native=1122x751 backing=1122x751 glfw=1122x751 framebuffer=1122x751 drawn=1122x751 previous=1095x735
5337.997006 after-swap frame=3721 live=0 outer=1122x783 native=1122x751 backing=1122x751 glfw=1122x751 framebuffer=1122x751 drawn=1122x751 previous=1095x735
5338.041323 refresh frame=3724 live=0 outer=1122x783 native=1122x751 backing=1122x751 glfw=1122x751 framebuffer=1122x751 drawn=0x0 previous=1122x751
5338.086356 framebuffer-size frame=3727 live=0 outer=1124x784 native=1124x752 backing=1124x752 glfw=1124x752 framebuffer=1124x752 drawn=1124x752 previous=1122x751
5338.086375 window-size frame=3727 live=0 outer=1124x784 native=1124x752 backing=1124x752 glfw=1124x752 framebuffer=1124x752 drawn=1124x752 previous=1122x751
5338.086544 before-swap frame=3728 live=0 outer=1124x784 native=1124x752 backing=1124x752 glfw=1124x752 framebuffer=1124x752 drawn=1124x752 previous=1122x751
5338.087341 after-swap frame=3728 live=0 outer=1124x784 native=1124x752 backing=1124x752 glfw=1124x752 framebuffer=1124x752 drawn=1124x752 previous=1122x751
5338.087790 refresh frame=3728 live=0 outer=1124x784 native=1124x752 backing=1124x752 glfw=1124x752 framebuffer=1124x752 drawn=0x0 previous=1124x752
5338.152375 framebuffer-size frame=3734 live=0 outer=1113x772 native=1113x740 backing=1113x740 glfw=1113x740 framebuffer=1113x740 drawn=1113x740 previous=1124x752
5338.152411 window-size frame=3734 live=0 outer=1113x772 native=1113x740 backing=1113x740 glfw=1113x740 framebuffer=1113x740 drawn=1113x740 previous=1124x752
5338.152586 before-swap frame=3735 live=0 outer=1113x772 native=1113x740 backing=1113x740 glfw=1113x740 framebuffer=1113x740 drawn=1113x740 previous=1124x752
5338.153266 after-swap frame=3735 live=0 outer=1113x772 native=1113x740 backing=1113x740 glfw=1113x740 framebuffer=1113x740 drawn=1113x740 previous=1124x752
5338.153729 refresh frame=3735 live=0 outer=1113x772 native=1113x740 backing=1113x740 glfw=1113x740 framebuffer=1113x740 drawn=0x0 previous=1113x740
5338.204039 framebuffer-size frame=3740 live=0 outer=1078x744 native=1078x712 backing=1078x712 glfw=1078x712 framebuffer=1078x712 drawn=1078x712 previous=1113x740
5338.204063 window-size frame=3740 live=0 outer=1078x744 native=1078x712 backing=1078x712 glfw=1078x712 framebuffer=1078x712 drawn=1078x712 previous=1113x740
5338.204211 before-swap frame=3741 live=0 outer=1078x744 native=1078x712 backing=1078x712 glfw=1078x712 framebuffer=1078x712 drawn=1078x712 previous=1113x740
5338.216195 after-swap frame=3741 live=0 outer=1078x744 native=1078x712 backing=1078x712 glfw=1078x712 framebuffer=1078x712 drawn=1078x712 previous=1113x740
5338.216698 refresh frame=3741 live=0 outer=1078x744 native=1078x712 backing=1078x712 glfw=1078x712 framebuffer=1078x712 drawn=0x0 previous=1078x712
5338.278348 framebuffer-size frame=3746 live=0 outer=1040x722 native=1040x690 backing=1040x690 glfw=1040x690 framebuffer=1040x690 drawn=1040x690 previous=1078x712
5338.278382 window-size frame=3746 live=0 outer=1040x722 native=1040x690 backing=1040x690 glfw=1040x690 framebuffer=1040x690 drawn=1040x690 previous=1078x712
5338.278577 before-swap frame=3747 live=0 outer=1040x722 native=1040x690 backing=1040x690 glfw=1040x690 framebuffer=1040x690 drawn=1040x690 previous=1078x712
5338.279352 after-swap frame=3747 live=0 outer=1040x722 native=1040x690 backing=1040x690 glfw=1040x690 framebuffer=1040x690 drawn=1040x690 previous=1078x712
5338.308360 refresh frame=3749 live=0 outer=1040x722 native=1040x690 backing=1040x690 glfw=1040x690 framebuffer=1040x690 drawn=0x0 previous=1040x690
5339.013685 framebuffer-size frame=3828 live=0 outer=1042x722 native=1042x690 backing=1042x690 glfw=1042x690 framebuffer=1042x690 drawn=1042x690 previous=1040x690
5339.013745 window-size frame=3828 live=0 outer=1042x722 native=1042x690 backing=1042x690 glfw=1042x690 framebuffer=1042x690 drawn=1042x690 previous=1040x690
5339.013945 before-swap frame=3829 live=0 outer=1042x722 native=1042x690 backing=1042x690 glfw=1042x690 framebuffer=1042x690 drawn=1042x690 previous=1040x690
5339.015939 after-swap frame=3829 live=0 outer=1042x722 native=1042x690 backing=1042x690 glfw=1042x690 framebuffer=1042x690 drawn=1042x690 previous=1040x690
5339.016914 refresh frame=3829 live=0 outer=1042x722 native=1042x690 backing=1042x690 glfw=1042x690 framebuffer=1042x690 drawn=0x0 previous=1042x690
5339.102556 framebuffer-size frame=3836 live=0 outer=1076x758 native=1076x726 backing=1076x726 glfw=1076x726 framebuffer=1076x726 drawn=1076x726 previous=1042x690
5339.102591 window-size frame=3836 live=0 outer=1076x758 native=1076x726 backing=1076x726 glfw=1076x726 framebuffer=1076x726 drawn=1076x726 previous=1042x690
5339.102778 before-swap frame=3837 live=0 outer=1076x758 native=1076x726 backing=1076x726 glfw=1076x726 framebuffer=1076x726 drawn=1076x726 previous=1042x690
5339.104433 after-swap frame=3837 live=0 outer=1076x758 native=1076x726 backing=1076x726 glfw=1076x726 framebuffer=1076x726 drawn=1076x726 previous=1042x690
5339.115937 refresh frame=3838 live=0 outer=1076x758 native=1076x726 backing=1076x726 glfw=1076x726 framebuffer=1076x726 drawn=0x0 previous=1076x726
5339.185607 framebuffer-size frame=3846 live=0 outer=1104x784 native=1104x752 backing=1104x752 glfw=1104x752 framebuffer=1104x752 drawn=1104x752 previous=1076x726
5339.185641 window-size frame=3846 live=0 outer=1104x784 native=1104x752 backing=1104x752 glfw=1104x752 framebuffer=1104x752 drawn=1104x752 previous=1076x726
5339.185793 before-swap frame=3847 live=0 outer=1104x784 native=1104x752 backing=1104x752 glfw=1104x752 framebuffer=1104x752 drawn=1104x752 previous=1076x726
5339.186525 after-swap frame=3847 live=0 outer=1104x784 native=1104x752 backing=1104x752 glfw=1104x752 framebuffer=1104x752 drawn=1104x752 previous=1076x726
5339.200053 refresh frame=3848 live=0 outer=1104x784 native=1104x752 backing=1104x752 glfw=1104x752 framebuffer=1104x752 drawn=0x0 previous=1104x752
5339.277425 framebuffer-size frame=3855 live=0 outer=1106x786 native=1106x754 backing=1106x754 glfw=1106x754 framebuffer=1106x754 drawn=1106x754 previous=1104x752
5339.277460 window-size frame=3855 live=0 outer=1106x786 native=1106x754 backing=1106x754 glfw=1106x754 framebuffer=1106x754 drawn=1106x754 previous=1104x752
5339.277613 before-swap frame=3856 live=0 outer=1106x786 native=1106x754 backing=1106x754 glfw=1106x754 framebuffer=1106x754 drawn=1106x754 previous=1104x752
5339.278340 after-swap frame=3856 live=0 outer=1106x786 native=1106x754 backing=1106x754 glfw=1106x754 framebuffer=1106x754 drawn=1106x754 previous=1104x752
5339.291298 refresh frame=3857 live=0 outer=1106x786 native=1106x754 backing=1106x754 glfw=1106x754 framebuffer=1106x754 drawn=0x0 previous=1106x754
5339.370584 framebuffer-size frame=3864 live=0 outer=1042x717 native=1042x685 backing=1042x685 glfw=1042x685 framebuffer=1042x685 drawn=1042x685 previous=1106x754
5339.370618 window-size frame=3864 live=0 outer=1042x717 native=1042x685 backing=1042x685 glfw=1042x685 framebuffer=1042x685 drawn=1042x685 previous=1106x754
5339.370797 before-swap frame=3865 live=0 outer=1042x717 native=1042x685 backing=1042x685 glfw=1042x685 framebuffer=1042x685 drawn=1042x685 previous=1106x754
5339.371487 after-swap frame=3865 live=0 outer=1042x717 native=1042x685 backing=1042x685 glfw=1042x685 framebuffer=1042x685 drawn=1042x685 previous=1106x754
5339.383071 refresh frame=3866 live=0 outer=1042x717 native=1042x685 backing=1042x685 glfw=1042x685 framebuffer=1042x685 drawn=0x0 previous=1042x685
5339.472053 framebuffer-size frame=3873 live=0 outer=1001x678 native=1001x646 backing=1001x646 glfw=1001x646 framebuffer=1001x646 drawn=1001x646 previous=1042x685
5339.472086 window-size frame=3873 live=0 outer=1001x678 native=1001x646 backing=1001x646 glfw=1001x646 framebuffer=1001x646 drawn=1001x646 previous=1042x685
5339.472323 before-swap frame=3874 live=0 outer=1001x678 native=1001x646 backing=1001x646 glfw=1001x646 framebuffer=1001x646 drawn=1001x646 previous=1042x685
5339.472978 after-swap frame=3874 live=0 outer=1001x678 native=1001x646 backing=1001x646 glfw=1001x646 framebuffer=1001x646 drawn=1001x646 previous=1042x685
5339.499028 refresh frame=3877 live=0 outer=1001x678 native=1001x646 backing=1001x646 glfw=1001x646 framebuffer=1001x646 drawn=0x0 previous=1001x646
5339.553698 framebuffer-size frame=3882 live=0 outer=1000x676 native=1000x644 backing=1000x644 glfw=1000x644 framebuffer=1000x644 drawn=1000x644 previous=1001x646
5339.553740 window-size frame=3882 live=0 outer=1000x676 native=1000x644 backing=1000x644 glfw=1000x644 framebuffer=1000x644 drawn=1000x644 previous=1001x646
5339.553904 before-swap frame=3883 live=0 outer=1000x676 native=1000x644 backing=1000x644 glfw=1000x644 framebuffer=1000x644 drawn=1000x644 previous=1001x646
5339.554728 after-swap frame=3883 live=0 outer=1000x676 native=1000x644 backing=1000x644 glfw=1000x644 framebuffer=1000x644 drawn=1000x644 previous=1001x646
5339.582400 refresh frame=3885 live=0 outer=1000x676 native=1000x644 backing=1000x644 glfw=1000x644 framebuffer=1000x644 drawn=0x0 previous=1000x644
5339.652469 framebuffer-size frame=3892 live=0 outer=1049x733 native=1049x701 backing=1049x701 glfw=1049x701 framebuffer=1049x701 drawn=1049x701 previous=1000x644
5339.652502 window-size frame=3892 live=0 outer=1049x733 native=1049x701 backing=1049x701 glfw=1049x701 framebuffer=1049x701 drawn=1049x701 previous=1000x644
5339.652629 before-swap frame=3893 live=0 outer=1049x733 native=1049x701 backing=1049x701 glfw=1049x701 framebuffer=1049x701 drawn=1049x701 previous=1000x644
5339.653292 after-swap frame=3893 live=0 outer=1049x733 native=1049x701 backing=1049x701 glfw=1049x701 framebuffer=1049x701 drawn=1049x701 previous=1000x644
5339.666938 refresh frame=3894 live=0 outer=1049x733 native=1049x701 backing=1049x701 glfw=1049x701 framebuffer=1049x701 drawn=0x0 previous=1049x701
5339.753753 framebuffer-size frame=3902 live=0 outer=1130x798 native=1130x766 backing=1130x766 glfw=1130x766 framebuffer=1130x766 drawn=1130x766 previous=1049x701
5339.753786 window-size frame=3902 live=0 outer=1130x798 native=1130x766 backing=1130x766 glfw=1130x766 framebuffer=1130x766 drawn=1130x766 previous=1049x701
5339.753932 before-swap frame=3903 live=0 outer=1130x798 native=1130x766 backing=1130x766 glfw=1130x766 framebuffer=1130x766 drawn=1130x766 previous=1049x701
5339.755053 after-swap frame=3903 live=0 outer=1130x798 native=1130x766 backing=1130x766 glfw=1130x766 framebuffer=1130x766 drawn=1130x766 previous=1049x701
5339.766763 refresh frame=3904 live=0 outer=1130x798 native=1130x766 backing=1130x766 glfw=1130x766 framebuffer=1130x766 drawn=0x0 previous=1130x766
5339.844649 framebuffer-size frame=3911 live=0 outer=993x710 native=993x678 backing=993x678 glfw=993x678 framebuffer=993x678 drawn=993x678 previous=1130x766
5339.844681 window-size frame=3911 live=0 outer=993x710 native=993x678 backing=993x678 glfw=993x678 framebuffer=993x678 drawn=993x678 previous=1130x766
5339.844935 before-swap frame=3912 live=0 outer=993x710 native=993x678 backing=993x678 glfw=993x678 framebuffer=993x678 drawn=993x678 previous=1130x766
5339.845557 after-swap frame=3912 live=0 outer=993x710 native=993x678 backing=993x678 glfw=993x678 framebuffer=993x678 drawn=993x678 previous=1130x766
5339.891509 refresh frame=3915 live=0 outer=993x710 native=993x678 backing=993x678 glfw=993x678 framebuffer=993x678 drawn=0x0 previous=993x678
5339.953074 framebuffer-size frame=3920 live=0 outer=939x683 native=939x651 backing=939x651 glfw=939x651 framebuffer=939x651 drawn=939x651 previous=993x678
5339.953109 window-size frame=3920 live=0 outer=939x683 native=939x651 backing=939x651 glfw=939x651 framebuffer=939x651 drawn=939x651 previous=993x678
5339.953261 before-swap frame=3921 live=0 outer=939x683 native=939x651 backing=939x651 glfw=939x651 framebuffer=939x651 drawn=939x651 previous=993x678
5339.953949 after-swap frame=3921 live=0 outer=939x683 native=939x651 backing=939x651 glfw=939x651 framebuffer=939x651 drawn=939x651 previous=993x678
5339.954364 refresh frame=3921 live=0 outer=939x683 native=939x651 backing=939x651 glfw=939x651 framebuffer=939x651 drawn=0x0 previous=939x651
5340.069353 framebuffer-size frame=3933 live=0 outer=1019x730 native=1019x698 backing=1019x698 glfw=1019x698 framebuffer=1019x698 drawn=1019x698 previous=939x651
5340.069388 window-size frame=3933 live=0 outer=1019x730 native=1019x698 backing=1019x698 glfw=1019x698 framebuffer=1019x698 drawn=1019x698 previous=939x651
5340.069516 before-swap frame=3934 live=0 outer=1019x730 native=1019x698 backing=1019x698 glfw=1019x698 framebuffer=1019x698 drawn=1019x698 previous=939x651
5340.070171 after-swap frame=3934 live=0 outer=1019x730 native=1019x698 backing=1019x698 glfw=1019x698 framebuffer=1019x698 drawn=1019x698 previous=939x651
5340.082961 refresh frame=3935 live=0 outer=1019x730 native=1019x698 backing=1019x698 glfw=1019x698 framebuffer=1019x698 drawn=0x0 previous=1019x698
5340.171489 framebuffer-size frame=3943 live=0 outer=930x688 native=930x656 backing=930x656 glfw=930x656 framebuffer=930x656 drawn=930x656 previous=1019x698
5340.171519 window-size frame=3943 live=0 outer=930x688 native=930x656 backing=930x656 glfw=930x656 framebuffer=930x656 drawn=930x656 previous=1019x698
5340.171771 before-swap frame=3944 live=0 outer=930x688 native=930x656 backing=930x656 glfw=930x656 framebuffer=930x656 drawn=930x656 previous=1019x698
5340.172338 after-swap frame=3944 live=0 outer=930x688 native=930x656 backing=930x656 glfw=930x656 framebuffer=930x656 drawn=930x656 previous=1019x698
5340.207355 refresh frame=3947 live=0 outer=930x688 native=930x656 backing=930x656 glfw=930x656 framebuffer=930x656 drawn=0x0 previous=930x656
5340.253935 framebuffer-size frame=3952 live=0 outer=996x725 native=996x693 backing=996x693 glfw=996x693 framebuffer=996x693 drawn=996x693 previous=930x656
5340.253963 window-size frame=3952 live=0 outer=996x725 native=996x693 backing=996x693 glfw=996x693 framebuffer=996x693 drawn=996x693 previous=930x656
5340.254132 before-swap frame=3953 live=0 outer=996x725 native=996x693 backing=996x693 glfw=996x693 framebuffer=996x693 drawn=996x693 previous=930x656
5340.254792 after-swap frame=3953 live=0 outer=996x725 native=996x693 backing=996x693 glfw=996x693 framebuffer=996x693 drawn=996x693 previous=930x656
5340.283346 refresh frame=3955 live=0 outer=996x725 native=996x693 backing=996x693 glfw=996x693 framebuffer=996x693 drawn=0x0 previous=996x693
5340.360639 framebuffer-size frame=3962 live=0 outer=993x721 native=993x689 backing=993x689 glfw=993x689 framebuffer=993x689 drawn=993x689 previous=996x693
5340.360674 window-size frame=3962 live=0 outer=993x721 native=993x689 backing=993x689 glfw=993x689 framebuffer=993x689 drawn=993x689 previous=996x693
5340.360818 before-swap frame=3963 live=0 outer=993x721 native=993x689 backing=993x689 glfw=993x689 framebuffer=993x689 drawn=993x689 previous=996x693
5340.361537 after-swap frame=3963 live=0 outer=993x721 native=993x689 backing=993x689 glfw=993x689 framebuffer=993x689 drawn=993x689 previous=996x693
5340.374679 refresh frame=3964 live=0 outer=993x721 native=993x689 backing=993x689 glfw=993x689 framebuffer=993x689 drawn=0x0 previous=993x689
5340.462629 framebuffer-size frame=3971 live=0 outer=931x711 native=931x679 backing=931x679 glfw=931x679 framebuffer=931x679 drawn=931x679 previous=993x689
5340.462664 window-size frame=3971 live=0 outer=931x711 native=931x679 backing=931x679 glfw=931x679 framebuffer=931x679 drawn=931x679 previous=993x689
5340.462827 before-swap frame=3972 live=0 outer=931x711 native=931x679 backing=931x679 glfw=931x679 framebuffer=931x679 drawn=931x679 previous=993x689
5340.463497 after-swap frame=3972 live=0 outer=931x711 native=931x679 backing=931x679 glfw=931x679 framebuffer=931x679 drawn=931x679 previous=993x689
5340.474643 refresh frame=3973 live=0 outer=931x711 native=931x679 backing=931x679 glfw=931x679 framebuffer=931x679 drawn=0x0 previous=931x679
5340.544664 framebuffer-size frame=3979 live=0 outer=1049x789 native=1049x757 backing=1049x757 glfw=1049x757 framebuffer=1049x757 drawn=1049x757 previous=931x679
5340.544697 window-size frame=3979 live=0 outer=1049x789 native=1049x757 backing=1049x757 glfw=1049x757 framebuffer=1049x757 drawn=1049x757 previous=931x679
5340.544827 before-swap frame=3980 live=0 outer=1049x789 native=1049x757 backing=1049x757 glfw=1049x757 framebuffer=1049x757 drawn=1049x757 previous=931x679
5340.545522 after-swap frame=3980 live=0 outer=1049x789 native=1049x757 backing=1049x757 glfw=1049x757 framebuffer=1049x757 drawn=1049x757 previous=931x679
5340.545937 refresh frame=3980 live=0 outer=1049x789 native=1049x757 backing=1049x757 glfw=1049x757 framebuffer=1049x757 drawn=0x0 previous=1049x757
5340.604709 framebuffer-size frame=3985 live=0 outer=966x705 native=966x673 backing=966x673 glfw=966x673 framebuffer=966x673 drawn=966x673 previous=1049x757
5340.604743 window-size frame=3985 live=0 outer=966x705 native=966x673 backing=966x673 glfw=966x673 framebuffer=966x673 drawn=966x673 previous=1049x757
5340.605065 before-swap frame=3986 live=0 outer=966x705 native=966x673 backing=966x673 glfw=966x673 framebuffer=966x673 drawn=966x673 previous=1049x757
5340.605721 after-swap frame=3986 live=0 outer=966x705 native=966x673 backing=966x673 glfw=966x673 framebuffer=966x673 drawn=966x673 previous=1049x757
5340.615800 refresh frame=3987 live=0 outer=966x705 native=966x673 backing=966x673 glfw=966x673 framebuffer=966x673 drawn=0x0 previous=966x673
5340.661111 framebuffer-size frame=3992 live=0 outer=865x647 native=865x615 backing=865x615 glfw=865x615 framebuffer=865x615 drawn=865x615 previous=966x673
5340.661145 window-size frame=3992 live=0 outer=865x647 native=865x615 backing=865x615 glfw=865x615 framebuffer=865x615 drawn=865x615 previous=966x673
5340.661285 before-swap frame=3993 live=0 outer=865x647 native=865x615 backing=865x615 glfw=865x615 framebuffer=865x615 drawn=865x615 previous=966x673
5340.661944 after-swap frame=3993 live=0 outer=865x647 native=865x615 backing=865x615 glfw=865x615 framebuffer=865x615 drawn=865x615 previous=966x673
5340.662348 refresh frame=3993 live=0 outer=865x647 native=865x615 backing=865x615 glfw=865x615 framebuffer=865x615 drawn=0x0 previous=865x615
5340.711951 framebuffer-size frame=3998 live=0 outer=876x673 native=876x641 backing=876x641 glfw=876x641 framebuffer=876x641 drawn=876x641 previous=865x615
5340.711975 window-size frame=3998 live=0 outer=876x673 native=876x641 backing=876x641 glfw=876x641 framebuffer=876x641 drawn=876x641 previous=865x615
5340.712099 before-swap frame=3999 live=0 outer=876x673 native=876x641 backing=876x641 glfw=876x641 framebuffer=876x641 drawn=876x641 previous=865x615
5340.724279 after-swap frame=3999 live=0 outer=876x673 native=876x641 backing=876x641 glfw=876x641 framebuffer=876x641 drawn=876x641 previous=865x615
5340.724731 refresh frame=3999 live=0 outer=876x673 native=876x641 backing=876x641 glfw=876x641 framebuffer=876x641 drawn=0x0 previous=876x641
5340.779251 framebuffer-size frame=4004 live=0 outer=955x741 native=955x709 backing=955x709 glfw=955x709 framebuffer=955x709 drawn=955x709 previous=876x641
5340.779279 window-size frame=4004 live=0 outer=955x741 native=955x709 backing=955x709 glfw=955x709 framebuffer=955x709 drawn=955x709 previous=876x641
5340.779390 before-swap frame=4005 live=0 outer=955x741 native=955x709 backing=955x709 glfw=955x709 framebuffer=955x709 drawn=955x709 previous=876x641
5340.790925 after-swap frame=4005 live=0 outer=955x741 native=955x709 backing=955x709 glfw=955x709 framebuffer=955x709 drawn=955x709 previous=876x641
5340.791385 refresh frame=4005 live=0 outer=955x741 native=955x709 backing=955x709 glfw=955x709 framebuffer=955x709 drawn=0x0 previous=955x709
5340.846026 framebuffer-size frame=4010 live=0 outer=931x709 native=931x677 backing=931x677 glfw=931x677 framebuffer=931x677 drawn=931x677 previous=955x709
5340.846049 window-size frame=4010 live=0 outer=931x709 native=931x677 backing=931x677 glfw=931x677 framebuffer=931x677 drawn=931x677 previous=955x709
5340.846179 before-swap frame=4011 live=0 outer=931x709 native=931x677 backing=931x677 glfw=931x677 framebuffer=931x677 drawn=931x677 previous=955x709
5340.857755 after-swap frame=4011 live=0 outer=931x709 native=931x677 backing=931x677 glfw=931x677 framebuffer=931x677 drawn=931x677 previous=955x709
5340.858239 refresh frame=4011 live=0 outer=931x709 native=931x677 backing=931x677 glfw=931x677 framebuffer=931x677 drawn=0x0 previous=931x677
5340.919766 framebuffer-size frame=4016 live=0 outer=873x674 native=873x642 backing=873x642 glfw=873x642 framebuffer=873x642 drawn=873x642 previous=931x677
5340.919803 window-size frame=4016 live=0 outer=873x674 native=873x642 backing=873x642 glfw=873x642 framebuffer=873x642 drawn=873x642 previous=931x677
5340.919955 before-swap frame=4017 live=0 outer=873x674 native=873x642 backing=873x642 glfw=873x642 framebuffer=873x642 drawn=873x642 previous=931x677
5340.920626 after-swap frame=4017 live=0 outer=873x674 native=873x642 backing=873x642 glfw=873x642 framebuffer=873x642 drawn=873x642 previous=931x677
5340.921050 refresh frame=4017 live=0 outer=873x674 native=873x642 backing=873x642 glfw=873x642 framebuffer=873x642 drawn=0x0 previous=873x642
5340.978003 framebuffer-size frame=4022 live=0 outer=898x709 native=898x677 backing=898x677 glfw=898x677 framebuffer=898x677 drawn=898x677 previous=873x642
5340.978035 window-size frame=4022 live=0 outer=898x709 native=898x677 backing=898x677 glfw=898x677 framebuffer=898x677 drawn=898x677 previous=873x642
5340.978196 before-swap frame=4023 live=0 outer=898x709 native=898x677 backing=898x677 glfw=898x677 framebuffer=898x677 drawn=898x677 previous=873x642
5340.978886 after-swap frame=4023 live=0 outer=898x709 native=898x677 backing=898x677 glfw=898x677 framebuffer=898x677 drawn=898x677 previous=873x642
5340.979313 refresh frame=4023 live=0 outer=898x709 native=898x677 backing=898x677 glfw=898x677 framebuffer=898x677 drawn=0x0 previous=898x677
5341.037709 framebuffer-size frame=4028 live=0 outer=940x732 native=940x700 backing=940x700 glfw=940x700 framebuffer=940x700 drawn=940x700 previous=898x677
5341.037741 window-size frame=4028 live=0 outer=940x732 native=940x700 backing=940x700 glfw=940x700 framebuffer=940x700 drawn=940x700 previous=898x677
5341.037877 before-swap frame=4029 live=0 outer=940x732 native=940x700 backing=940x700 glfw=940x700 framebuffer=940x700 drawn=940x700 previous=898x677
5341.038596 after-swap frame=4029 live=0 outer=940x732 native=940x700 backing=940x700 glfw=940x700 framebuffer=940x700 drawn=940x700 previous=898x677
5341.082879 refresh frame=4032 live=0 outer=940x732 native=940x700 backing=940x700 glfw=940x700 framebuffer=940x700 drawn=0x0 previous=940x700
5341.127677 framebuffer-size frame=4036 live=0 outer=924x709 native=924x677 backing=924x677 glfw=924x677 framebuffer=924x677 drawn=924x677 previous=940x700
5341.127708 window-size frame=4036 live=0 outer=924x709 native=924x677 backing=924x677 glfw=924x677 framebuffer=924x677 drawn=924x677 previous=940x700
5341.127829 before-swap frame=4037 live=0 outer=924x709 native=924x677 backing=924x677 glfw=924x677 framebuffer=924x677 drawn=924x677 previous=940x700
5341.128524 after-swap frame=4037 live=0 outer=924x709 native=924x677 backing=924x677 glfw=924x677 framebuffer=924x677 drawn=924x677 previous=940x700
5341.129038 refresh frame=4037 live=0 outer=924x709 native=924x677 backing=924x677 glfw=924x677 framebuffer=924x677 drawn=0x0 previous=924x677
5341.212271 framebuffer-size frame=4045 live=0 outer=863x683 native=863x651 backing=863x651 glfw=863x651 framebuffer=863x651 drawn=863x651 previous=924x677
5341.212306 window-size frame=4045 live=0 outer=863x683 native=863x651 backing=863x651 glfw=863x651 framebuffer=863x651 drawn=863x651 previous=924x677
5341.212856 refresh frame=4045 live=0 outer=863x683 native=863x651 backing=863x651 glfw=863x651 framebuffer=863x651 drawn=0x0 previous=924x677
5341.212917 before-swap frame=4046 live=0 outer=863x683 native=863x651 backing=863x651 glfw=863x651 framebuffer=863x651 drawn=863x651 previous=924x677
5341.213514 after-swap frame=4046 live=0 outer=863x683 native=863x651 backing=863x651 glfw=863x651 framebuffer=863x651 drawn=863x651 previous=924x677
5341.262614 framebuffer-size frame=4051 live=0 outer=868x685 native=868x653 backing=868x653 glfw=868x653 framebuffer=868x653 drawn=868x653 previous=863x651
5341.262647 window-size frame=4051 live=0 outer=868x685 native=868x653 backing=868x653 glfw=868x653 framebuffer=868x653 drawn=868x653 previous=863x651
5341.262944 before-swap frame=4052 live=0 outer=868x685 native=868x653 backing=868x653 glfw=868x653 framebuffer=868x653 drawn=868x653 previous=863x651
5341.263600 after-swap frame=4052 live=0 outer=868x685 native=868x653 backing=868x653 glfw=868x653 framebuffer=868x653 drawn=868x653 previous=863x651
5341.274741 refresh frame=4053 live=0 outer=868x685 native=868x653 backing=868x653 glfw=868x653 framebuffer=868x653 drawn=0x0 previous=868x653
5344.364016 framebuffer-size frame=4405 live=0 outer=803x673 native=803x641 backing=803x641 glfw=803x641 framebuffer=803x641 drawn=803x641 previous=868x653
5344.364076 window-size frame=4405 live=0 outer=803x673 native=803x641 backing=803x641 glfw=803x641 framebuffer=803x641 drawn=803x641 previous=868x653
5344.364242 before-swap frame=4406 live=0 outer=803x673 native=803x641 backing=803x641 glfw=803x641 framebuffer=803x641 drawn=803x641 previous=868x653
5344.374295 after-swap frame=4406 live=0 outer=803x673 native=803x641 backing=803x641 glfw=803x641 framebuffer=803x641 drawn=803x641 previous=868x653
5344.375057 refresh frame=4406 live=0 outer=803x673 native=803x641 backing=803x641 glfw=803x641 framebuffer=803x641 drawn=0x0 previous=803x641
5344.438708 framebuffer-size frame=4411 live=0 outer=504x501 native=504x469 backing=504x469 glfw=504x469 framebuffer=504x469 drawn=504x469 previous=803x641
5344.438734 window-size frame=4411 live=0 outer=504x501 native=504x469 backing=504x469 glfw=504x469 framebuffer=504x469 drawn=504x469 previous=803x641
5344.438941 before-swap frame=4412 live=0 outer=504x501 native=504x469 backing=504x469 glfw=504x469 framebuffer=504x469 drawn=504x469 previous=803x641
5344.439952 after-swap frame=4412 live=0 outer=504x501 native=504x469 backing=504x469 glfw=504x469 framebuffer=504x469 drawn=504x469 previous=803x641
5344.440424 refresh frame=4412 live=0 outer=504x501 native=504x469 backing=504x469 glfw=504x469 framebuffer=504x469 drawn=0x0 previous=504x469
5344.496027 framebuffer-size frame=4418 live=0 outer=710x498 native=710x466 backing=710x466 glfw=710x466 framebuffer=710x466 drawn=710x466 previous=504x469
5344.496059 window-size frame=4418 live=0 outer=710x498 native=710x466 backing=710x466 glfw=710x466 framebuffer=710x466 drawn=710x466 previous=504x469
5344.496222 before-swap frame=4419 live=0 outer=710x498 native=710x466 backing=710x466 glfw=710x466 framebuffer=710x466 drawn=710x466 previous=504x469
5344.496688 after-swap frame=4419 live=0 outer=710x498 native=710x466 backing=710x466 glfw=710x466 framebuffer=710x466 drawn=710x466 previous=504x469
5344.541540 refresh frame=4422 live=0 outer=710x498 native=710x466 backing=710x466 glfw=710x466 framebuffer=710x466 drawn=0x0 previous=710x466
5344.586017 framebuffer-size frame=4425 live=0 outer=819x549 native=819x517 backing=819x517 glfw=819x517 framebuffer=819x517 drawn=819x517 previous=710x466
5344.586045 window-size frame=4425 live=0 outer=819x549 native=819x517 backing=819x517 glfw=819x517 framebuffer=819x517 drawn=819x517 previous=710x466
5344.586211 before-swap frame=4426 live=0 outer=819x549 native=819x517 backing=819x517 glfw=819x517 framebuffer=819x517 drawn=819x517 previous=710x466
5344.586827 after-swap frame=4426 live=0 outer=819x549 native=819x517 backing=819x517 glfw=819x517 framebuffer=819x517 drawn=819x517 previous=710x466
5344.587279 refresh frame=4426 live=0 outer=819x549 native=819x517 backing=819x517 glfw=819x517 framebuffer=819x517 drawn=0x0 previous=819x517
5344.652427 framebuffer-size frame=4432 live=0 outer=788x586 native=788x554 backing=788x554 glfw=788x554 framebuffer=788x554 drawn=788x554 previous=819x517
5344.652459 window-size frame=4432 live=0 outer=788x586 native=788x554 backing=788x554 glfw=788x554 framebuffer=788x554 drawn=788x554 previous=819x517
5344.652659 before-swap frame=4433 live=0 outer=788x586 native=788x554 backing=788x554 glfw=788x554 framebuffer=788x554 drawn=788x554 previous=819x517
5344.653198 after-swap frame=4433 live=0 outer=788x586 native=788x554 backing=788x554 glfw=788x554 framebuffer=788x554 drawn=788x554 previous=819x517
5344.653644 refresh frame=4433 live=0 outer=788x586 native=788x554 backing=788x554 glfw=788x554 framebuffer=788x554 drawn=0x0 previous=788x554
5344.712196 framebuffer-size frame=4438 live=0 outer=807x633 native=807x601 backing=807x601 glfw=807x601 framebuffer=807x601 drawn=807x601 previous=788x554
5344.712237 window-size frame=4438 live=0 outer=807x633 native=807x601 backing=807x601 glfw=807x601 framebuffer=807x601 drawn=807x601 previous=788x554
5344.712408 before-swap frame=4439 live=0 outer=807x633 native=807x601 backing=807x601 glfw=807x601 framebuffer=807x601 drawn=807x601 previous=788x554
5344.713008 after-swap frame=4439 live=0 outer=807x633 native=807x601 backing=807x601 glfw=807x601 framebuffer=807x601 drawn=807x601 previous=788x554
5344.728033 refresh frame=4441 live=0 outer=807x633 native=807x601 backing=807x601 glfw=807x601 framebuffer=807x601 drawn=0x0 previous=807x601
5344.786941 framebuffer-size frame=4446 live=0 outer=772x621 native=772x589 backing=772x589 glfw=772x589 framebuffer=772x589 drawn=772x589 previous=807x601
5344.786977 window-size frame=4446 live=0 outer=772x621 native=772x589 backing=772x589 glfw=772x589 framebuffer=772x589 drawn=772x589 previous=807x601
5344.787180 before-swap frame=4447 live=0 outer=772x621 native=772x589 backing=772x589 glfw=772x589 framebuffer=772x589 drawn=772x589 previous=807x601
5344.787906 after-swap frame=4447 live=0 outer=772x621 native=772x589 backing=772x589 glfw=772x589 framebuffer=772x589 drawn=772x589 previous=807x601
5344.819844 refresh frame=4450 live=0 outer=772x621 native=772x589 backing=772x589 glfw=772x589 framebuffer=772x589 drawn=0x0 previous=772x589
5344.853746 framebuffer-size frame=4453 live=0 outer=779x624 native=779x592 backing=779x592 glfw=779x592 framebuffer=779x592 drawn=779x592 previous=772x589
5344.853778 window-size frame=4453 live=0 outer=779x624 native=779x592 backing=779x592 glfw=779x592 framebuffer=779x592 drawn=779x592 previous=772x589
5344.853928 before-swap frame=4454 live=0 outer=779x624 native=779x592 backing=779x592 glfw=779x592 framebuffer=779x592 drawn=779x592 previous=772x589
5344.865963 after-swap frame=4454 live=0 outer=779x624 native=779x592 backing=779x592 glfw=779x592 framebuffer=779x592 drawn=779x592 previous=772x589
5344.866417 refresh frame=4454 live=0 outer=779x624 native=779x592 backing=779x592 glfw=779x592 framebuffer=779x592 drawn=0x0 previous=779x592
5344.937704 framebuffer-size frame=4460 live=0 outer=816x682 native=816x650 backing=816x650 glfw=816x650 framebuffer=816x650 drawn=816x650 previous=779x592
5344.937738 window-size frame=4460 live=0 outer=816x682 native=816x650 backing=816x650 glfw=816x650 framebuffer=816x650 drawn=816x650 previous=779x592
5344.937917 before-swap frame=4461 live=0 outer=816x682 native=816x650 backing=816x650 glfw=816x650 framebuffer=816x650 drawn=816x650 previous=779x592
5344.949294 after-swap frame=4461 live=0 outer=816x682 native=816x650 backing=816x650 glfw=816x650 framebuffer=816x650 drawn=816x650 previous=779x592
5344.949768 refresh frame=4461 live=0 outer=816x682 native=816x650 backing=816x650 glfw=816x650 framebuffer=816x650 drawn=0x0 previous=816x650
5345.004512 framebuffer-size frame=4466 live=0 outer=869x734 native=869x702 backing=869x702 glfw=869x702 framebuffer=869x702 drawn=869x702 previous=816x650
5345.004536 window-size frame=4466 live=0 outer=869x734 native=869x702 backing=869x702 glfw=869x702 framebuffer=869x702 drawn=869x702 previous=816x650
5345.004711 before-swap frame=4467 live=0 outer=869x734 native=869x702 backing=869x702 glfw=869x702 framebuffer=869x702 drawn=869x702 previous=816x650
5345.016030 after-swap frame=4467 live=0 outer=869x734 native=869x702 backing=869x702 glfw=869x702 framebuffer=869x702 drawn=869x702 previous=816x650
5345.016496 refresh frame=4467 live=0 outer=869x734 native=869x702 backing=869x702 glfw=869x702 framebuffer=869x702 drawn=0x0 previous=869x702
5345.077970 framebuffer-size frame=4472 live=0 outer=920x774 native=920x742 backing=920x742 glfw=920x742 framebuffer=920x742 drawn=920x742 previous=869x702
5345.078002 window-size frame=4472 live=0 outer=920x774 native=920x742 backing=920x742 glfw=920x742 framebuffer=920x742 drawn=920x742 previous=869x702
5345.078204 before-swap frame=4473 live=0 outer=920x774 native=920x742 backing=920x742 glfw=920x742 framebuffer=920x742 drawn=920x742 previous=869x702
5345.078870 after-swap frame=4473 live=0 outer=920x774 native=920x742 backing=920x742 glfw=920x742 framebuffer=920x742 drawn=920x742 previous=869x702
5345.079306 refresh frame=4473 live=0 outer=920x774 native=920x742 backing=920x742 glfw=920x742 framebuffer=920x742 drawn=0x0 previous=920x742
5345.137776 framebuffer-size frame=4478 live=0 outer=971x808 native=971x776 backing=971x776 glfw=971x776 framebuffer=971x776 drawn=971x776 previous=920x742
5345.137810 window-size frame=4478 live=0 outer=971x808 native=971x776 backing=971x776 glfw=971x776 framebuffer=971x776 drawn=971x776 previous=920x742
5345.137986 before-swap frame=4479 live=0 outer=971x808 native=971x776 backing=971x776 glfw=971x776 framebuffer=971x776 drawn=971x776 previous=920x742
5345.138743 after-swap frame=4479 live=0 outer=971x808 native=971x776 backing=971x776 glfw=971x776 framebuffer=971x776 drawn=971x776 previous=920x742
5345.153208 refresh frame=4481 live=0 outer=971x808 native=971x776 backing=971x776 glfw=971x776 framebuffer=971x776 drawn=0x0 previous=971x776
5345.202932 framebuffer-size frame=4485 live=0 outer=1005x827 native=1005x795 backing=1005x795 glfw=1005x795 framebuffer=1005x795 drawn=1005x795 previous=971x776
5345.202954 window-size frame=4485 live=0 outer=1005x827 native=1005x795 backing=1005x795 glfw=1005x795 framebuffer=1005x795 drawn=1005x795 previous=971x776
5345.203163 before-swap frame=4486 live=0 outer=1005x827 native=1005x795 backing=1005x795 glfw=1005x795 framebuffer=1005x795 drawn=1005x795 previous=971x776
5345.204017 after-swap frame=4486 live=0 outer=1005x827 native=1005x795 backing=1005x795 glfw=1005x795 framebuffer=1005x795 drawn=1005x795 previous=971x776
5345.204479 refresh frame=4486 live=0 outer=1005x827 native=1005x795 backing=1005x795 glfw=1005x795 framebuffer=1005x795 drawn=0x0 previous=1005x795
5345.261539 framebuffer-size frame=4491 live=0 outer=1031x847 native=1031x815 backing=1031x815 glfw=1031x815 framebuffer=1031x815 drawn=1031x815 previous=1005x795
5345.261571 window-size frame=4491 live=0 outer=1031x847 native=1031x815 backing=1031x815 glfw=1031x815 framebuffer=1031x815 drawn=1031x815 previous=1005x795
5345.262155 refresh frame=4491 live=0 outer=1031x847 native=1031x815 backing=1031x815 glfw=1031x815 framebuffer=1031x815 drawn=0x0 previous=1005x795
5345.262234 before-swap frame=4492 live=0 outer=1031x847 native=1031x815 backing=1031x815 glfw=1031x815 framebuffer=1031x815 drawn=1031x815 previous=1005x795
5345.262963 after-swap frame=4492 live=0 outer=1031x847 native=1031x815 backing=1031x815 glfw=1031x815 framebuffer=1031x815 drawn=1031x815 previous=1005x795
5345.311792 framebuffer-size frame=4497 live=0 outer=1033x847 native=1033x815 backing=1033x815 glfw=1033x815 framebuffer=1033x815 drawn=1033x815 previous=1031x815
5345.311825 window-size frame=4497 live=0 outer=1033x847 native=1033x815 backing=1033x815 glfw=1033x815 framebuffer=1033x815 drawn=1033x815 previous=1031x815
5345.312042 before-swap frame=4498 live=0 outer=1033x847 native=1033x815 backing=1033x815 glfw=1033x815 framebuffer=1033x815 drawn=1033x815 previous=1031x815
5345.312747 after-swap frame=4498 live=0 outer=1033x847 native=1033x815 backing=1033x815 glfw=1033x815 framebuffer=1033x815 drawn=1033x815 previous=1031x815
5345.313150 refresh frame=4498 live=0 outer=1033x847 native=1033x815 backing=1033x815 glfw=1033x815 framebuffer=1033x815 drawn=0x0 previous=1033x815
5345.362585 framebuffer-size frame=4502 live=0 outer=1031x834 native=1031x802 backing=1031x802 glfw=1031x802 framebuffer=1031x802 drawn=1031x802 previous=1033x815
5345.362617 window-size frame=4502 live=0 outer=1031x834 native=1031x802 backing=1031x802 glfw=1031x802 framebuffer=1031x802 drawn=1031x802 previous=1033x815
5345.363139 refresh frame=4502 live=0 outer=1031x834 native=1031x802 backing=1031x802 glfw=1031x802 framebuffer=1031x802 drawn=0x0 previous=1033x815
5345.363212 before-swap frame=4503 live=0 outer=1031x834 native=1031x802 backing=1031x802 glfw=1031x802 framebuffer=1031x802 drawn=1031x802 previous=1033x815
5345.363951 after-swap frame=4503 live=0 outer=1031x834 native=1031x802 backing=1031x802 glfw=1031x802 framebuffer=1031x802 drawn=1031x802 previous=1033x815
5345.445600 framebuffer-size frame=4509 live=0 outer=1019x815 native=1019x783 backing=1019x783 glfw=1019x783 framebuffer=1019x783 drawn=1019x783 previous=1031x802
5345.445631 window-size frame=4509 live=0 outer=1019x815 native=1019x783 backing=1019x783 glfw=1019x783 framebuffer=1019x783 drawn=1019x783 previous=1031x802
5345.445790 before-swap frame=4510 live=0 outer=1019x815 native=1019x783 backing=1019x783 glfw=1019x783 framebuffer=1019x783 drawn=1019x783 previous=1031x802
5345.446471 after-swap frame=4510 live=0 outer=1019x815 native=1019x783 backing=1019x783 glfw=1019x783 framebuffer=1019x783 drawn=1019x783 previous=1031x802
5345.482334 refresh frame=4513 live=0 outer=1019x815 native=1019x783 backing=1019x783 glfw=1019x783 framebuffer=1019x783 drawn=0x0 previous=1019x783
5345.512222 framebuffer-size frame=4516 live=0 outer=971x767 native=971x735 backing=971x735 glfw=971x735 framebuffer=971x735 drawn=971x735 previous=1019x783
5345.512246 window-size frame=4516 live=0 outer=971x767 native=971x735 backing=971x735 glfw=971x735 framebuffer=971x735 drawn=971x735 previous=1019x783
5345.512403 before-swap frame=4517 live=0 outer=971x767 native=971x735 backing=971x735 glfw=971x735 framebuffer=971x735 drawn=971x735 previous=1019x783
5345.513079 after-swap frame=4517 live=0 outer=971x767 native=971x735 backing=971x735 glfw=971x735 framebuffer=971x735 drawn=971x735 previous=1019x783
5345.528697 refresh frame=4519 live=0 outer=971x767 native=971x735 backing=971x735 glfw=971x735 framebuffer=971x735 drawn=0x0 previous=971x735
5345.578557 framebuffer-size frame=4523 live=0 outer=921x725 native=921x693 backing=921x693 glfw=921x693 framebuffer=921x693 drawn=921x693 previous=971x735
5345.578587 window-size frame=4523 live=0 outer=921x725 native=921x693 backing=921x693 glfw=921x693 framebuffer=921x693 drawn=921x693 previous=971x735
5345.578771 before-swap frame=4524 live=0 outer=921x725 native=921x693 backing=921x693 glfw=921x693 framebuffer=921x693 drawn=921x693 previous=971x735
5345.579405 after-swap frame=4524 live=0 outer=921x725 native=921x693 backing=921x693 glfw=921x693 framebuffer=921x693 drawn=921x693 previous=971x735
5345.579856 refresh frame=4524 live=0 outer=921x725 native=921x693 backing=921x693 glfw=921x693 framebuffer=921x693 drawn=0x0 previous=921x693
5345.636446 framebuffer-size frame=4529 live=0 outer=890x696 native=890x664 backing=890x664 glfw=890x664 framebuffer=890x664 drawn=890x664 previous=921x693
5345.636479 window-size frame=4529 live=0 outer=890x696 native=890x664 backing=890x664 glfw=890x664 framebuffer=890x664 drawn=890x664 previous=921x693
5345.636673 before-swap frame=4530 live=0 outer=890x696 native=890x664 backing=890x664 glfw=890x664 framebuffer=890x664 drawn=890x664 previous=921x693
5345.637487 after-swap frame=4530 live=0 outer=890x696 native=890x664 backing=890x664 glfw=890x664 framebuffer=890x664 drawn=890x664 previous=921x693
5345.637913 refresh frame=4530 live=0 outer=890x696 native=890x664 backing=890x664 glfw=890x664 framebuffer=890x664 drawn=0x0 previous=890x664
5345.695071 framebuffer-size frame=4535 live=0 outer=859x673 native=859x641 backing=859x641 glfw=859x641 framebuffer=859x641 drawn=859x641 previous=890x664
5345.695102 window-size frame=4535 live=0 outer=859x673 native=859x641 backing=859x641 glfw=859x641 framebuffer=859x641 drawn=859x641 previous=890x664
5345.695313 before-swap frame=4536 live=0 outer=859x673 native=859x641 backing=859x641 glfw=859x641 framebuffer=859x641 drawn=859x641 previous=890x664
5345.696010 after-swap frame=4536 live=0 outer=859x673 native=859x641 backing=859x641 glfw=859x641 framebuffer=859x641 drawn=859x641 previous=890x664
5345.696500 refresh frame=4536 live=0 outer=859x673 native=859x641 backing=859x641 glfw=859x641 framebuffer=859x641 drawn=0x0 previous=859x641
5345.753456 framebuffer-size frame=4541 live=0 outer=829x652 native=829x620 backing=829x620 glfw=829x620 framebuffer=829x620 drawn=829x620 previous=859x641
5345.753488 window-size frame=4541 live=0 outer=829x652 native=829x620 backing=829x620 glfw=829x620 framebuffer=829x620 drawn=829x620 previous=859x641
5345.753714 before-swap frame=4542 live=0 outer=829x652 native=829x620 backing=829x620 glfw=829x620 framebuffer=829x620 drawn=829x620 previous=859x641
5345.754341 after-swap frame=4542 live=0 outer=829x652 native=829x620 backing=829x620 glfw=829x620 framebuffer=829x620 drawn=829x620 previous=859x641
5345.754756 refresh frame=4542 live=0 outer=829x652 native=829x620 backing=829x620 glfw=829x620 framebuffer=829x620 drawn=0x0 previous=829x620
5345.827579 framebuffer-size frame=4547 live=0 outer=808x631 native=808x599 backing=808x599 glfw=808x599 framebuffer=808x599 drawn=808x599 previous=829x620
5345.827613 window-size frame=4547 live=0 outer=808x631 native=808x599 backing=808x599 glfw=808x599 framebuffer=808x599 drawn=808x599 previous=829x620
5345.827790 before-swap frame=4548 live=0 outer=808x631 native=808x599 backing=808x599 glfw=808x599 framebuffer=808x599 drawn=808x599 previous=829x620
5345.828374 after-swap frame=4548 live=0 outer=808x631 native=808x599 backing=808x599 glfw=808x599 framebuffer=808x599 drawn=808x599 previous=829x620
5345.828816 refresh frame=4548 live=0 outer=808x631 native=808x599 backing=808x599 glfw=808x599 framebuffer=808x599 drawn=0x0 previous=808x599
5345.887114 framebuffer-size frame=4553 live=0 outer=790x615 native=790x583 backing=790x583 glfw=790x583 framebuffer=790x583 drawn=790x583 previous=808x599
5345.887147 window-size frame=4553 live=0 outer=790x615 native=790x583 backing=790x583 glfw=790x583 framebuffer=790x583 drawn=790x583 previous=808x599
5345.887354 before-swap frame=4554 live=0 outer=790x615 native=790x583 backing=790x583 glfw=790x583 framebuffer=790x583 drawn=790x583 previous=808x599
5345.887902 after-swap frame=4554 live=0 outer=790x615 native=790x583 backing=790x583 glfw=790x583 framebuffer=790x583 drawn=790x583 previous=808x599
5345.907431 refresh frame=4556 live=0 outer=790x615 native=790x583 backing=790x583 glfw=790x583 framebuffer=790x583 drawn=0x0 previous=790x583
5345.944959 framebuffer-size frame=4560 live=0 outer=789x611 native=789x579 backing=789x579 glfw=789x579 framebuffer=789x579 drawn=789x579 previous=790x583
5345.944980 window-size frame=4560 live=0 outer=789x611 native=789x579 backing=789x579 glfw=789x579 framebuffer=789x579 drawn=789x579 previous=790x583
5345.945182 before-swap frame=4561 live=0 outer=789x611 native=789x579 backing=789x579 glfw=789x579 framebuffer=789x579 drawn=789x579 previous=790x583
5345.945780 after-swap frame=4561 live=0 outer=789x611 native=789x579 backing=789x579 glfw=789x579 framebuffer=789x579 drawn=789x579 previous=790x583
5345.946210 refresh frame=4561 live=0 outer=789x611 native=789x579 backing=789x579 glfw=789x579 framebuffer=789x579 drawn=0x0 previous=789x579
5346.011791 framebuffer-size frame=4566 live=0 outer=790x611 native=790x579 backing=790x579 glfw=790x579 framebuffer=790x579 drawn=790x579 previous=789x579
5346.011826 window-size frame=4566 live=0 outer=790x611 native=790x579 backing=790x579 glfw=790x579 framebuffer=790x579 drawn=790x579 previous=789x579
5346.011990 before-swap frame=4567 live=0 outer=790x611 native=790x579 backing=790x579 glfw=790x579 framebuffer=790x579 drawn=790x579 previous=789x579
5346.024400 after-swap frame=4567 live=0 outer=790x611 native=790x579 backing=790x579 glfw=790x579 framebuffer=790x579 drawn=790x579 previous=789x579
5346.024876 refresh frame=4567 live=0 outer=790x611 native=790x579 backing=790x579 glfw=790x579 framebuffer=790x579 drawn=0x0 previous=790x579
5346.079521 framebuffer-size frame=4571 live=0 outer=805x624 native=805x592 backing=805x592 glfw=805x592 framebuffer=805x592 drawn=805x592 previous=790x579
5346.079543 window-size frame=4571 live=0 outer=805x624 native=805x592 backing=805x592 glfw=805x592 framebuffer=805x592 drawn=805x592 previous=790x579
5346.079734 before-swap frame=4572 live=0 outer=805x624 native=805x592 backing=805x592 glfw=805x592 framebuffer=805x592 drawn=805x592 previous=790x579
5346.080303 after-swap frame=4572 live=0 outer=805x624 native=805x592 backing=805x592 glfw=805x592 framebuffer=805x592 drawn=805x592 previous=790x579
5346.094413 refresh frame=4574 live=0 outer=805x624 native=805x592 backing=805x592 glfw=805x592 framebuffer=805x592 drawn=0x0 previous=805x592
5346.144489 framebuffer-size frame=4578 live=0 outer=812x631 native=812x599 backing=812x599 glfw=812x599 framebuffer=812x599 drawn=812x599 previous=805x592
5346.144511 window-size frame=4578 live=0 outer=812x631 native=812x599 backing=812x599 glfw=812x599 framebuffer=812x599 drawn=812x599 previous=805x592
5346.144699 before-swap frame=4579 live=0 outer=812x631 native=812x599 backing=812x599 glfw=812x599 framebuffer=812x599 drawn=812x599 previous=805x592
5346.145719 after-swap frame=4579 live=0 outer=812x631 native=812x599 backing=812x599 glfw=812x599 framebuffer=812x599 drawn=812x599 previous=805x592
5346.146185 refresh frame=4579 live=0 outer=812x631 native=812x599 backing=812x599 glfw=812x599 framebuffer=812x599 drawn=0x0 previous=812x599
5346.203410 framebuffer-size frame=4584 live=0 outer=840x648 native=840x616 backing=840x616 glfw=840x616 framebuffer=840x616 drawn=840x616 previous=812x599
5346.203443 window-size frame=4584 live=0 outer=840x648 native=840x616 backing=840x616 glfw=840x616 framebuffer=840x616 drawn=840x616 previous=812x599
5346.203661 before-swap frame=4585 live=0 outer=840x648 native=840x616 backing=840x616 glfw=840x616 framebuffer=840x616 drawn=840x616 previous=812x599
5346.204344 after-swap frame=4585 live=0 outer=840x648 native=840x616 backing=840x616 glfw=840x616 framebuffer=840x616 drawn=840x616 previous=812x599
5346.204785 refresh frame=4585 live=0 outer=840x648 native=840x616 backing=840x616 glfw=840x616 framebuffer=840x616 drawn=0x0 previous=840x616
5346.278981 framebuffer-size frame=4590 live=0 outer=858x659 native=858x627 backing=858x627 glfw=858x627 framebuffer=858x627 drawn=858x627 previous=840x616
5346.279027 window-size frame=4590 live=0 outer=858x659 native=858x627 backing=858x627 glfw=858x627 framebuffer=858x627 drawn=858x627 previous=840x616
5346.279223 before-swap frame=4591 live=0 outer=858x659 native=858x627 backing=858x627 glfw=858x627 framebuffer=858x627 drawn=858x627 previous=840x616
5346.279799 after-swap frame=4591 live=0 outer=858x659 native=858x627 backing=858x627 glfw=858x627 framebuffer=858x627 drawn=858x627 previous=840x616
5346.298999 refresh frame=4593 live=0 outer=858x659 native=858x627 backing=858x627 glfw=858x627 framebuffer=858x627 drawn=0x0 previous=858x627
5346.344631 framebuffer-size frame=4597 live=0 outer=886x675 native=886x643 backing=886x643 glfw=886x643 framebuffer=886x643 drawn=886x643 previous=858x627
5346.344644 window-size frame=4597 live=0 outer=886x675 native=886x643 backing=886x643 glfw=886x643 framebuffer=886x643 drawn=886x643 previous=858x627
5346.344852 before-swap frame=4598 live=0 outer=886x675 native=886x643 backing=886x643 glfw=886x643 framebuffer=886x643 drawn=886x643 previous=858x627
5346.345495 after-swap frame=4598 live=0 outer=886x675 native=886x643 backing=886x643 glfw=886x643 framebuffer=886x643 drawn=886x643 previous=858x627
5346.345982 refresh frame=4598 live=0 outer=886x675 native=886x643 backing=886x643 glfw=886x643 framebuffer=886x643 drawn=0x0 previous=886x643
5346.403012 framebuffer-size frame=4603 live=0 outer=912x687 native=912x655 backing=912x655 glfw=912x655 framebuffer=912x655 drawn=912x655 previous=886x643
5346.403035 window-size frame=4603 live=0 outer=912x687 native=912x655 backing=912x655 glfw=912x655 framebuffer=912x655 drawn=912x655 previous=886x643
5346.403242 before-swap frame=4604 live=0 outer=912x687 native=912x655 backing=912x655 glfw=912x655 framebuffer=912x655 drawn=912x655 previous=886x643
5346.403882 after-swap frame=4604 live=0 outer=912x687 native=912x655 backing=912x655 glfw=912x655 framebuffer=912x655 drawn=912x655 previous=886x643
5346.404352 refresh frame=4604 live=0 outer=912x687 native=912x655 backing=912x655 glfw=912x655 framebuffer=912x655 drawn=0x0 previous=912x655
5346.461434 framebuffer-size frame=4609 live=0 outer=939x700 native=939x668 backing=939x668 glfw=939x668 framebuffer=939x668 drawn=939x668 previous=912x655
5346.461476 window-size frame=4609 live=0 outer=939x700 native=939x668 backing=939x668 glfw=939x668 framebuffer=939x668 drawn=939x668 previous=912x655
5346.461689 before-swap frame=4610 live=0 outer=939x700 native=939x668 backing=939x668 glfw=939x668 framebuffer=939x668 drawn=939x668 previous=912x655
5346.462379 after-swap frame=4610 live=0 outer=939x700 native=939x668 backing=939x668 glfw=939x668 framebuffer=939x668 drawn=939x668 previous=912x655
5346.462809 refresh frame=4610 live=0 outer=939x700 native=939x668 backing=939x668 glfw=939x668 framebuffer=939x668 drawn=0x0 previous=939x668
5346.521375 framebuffer-size frame=4616 live=0 outer=962x710 native=962x678 backing=962x678 glfw=962x678 framebuffer=962x678 drawn=962x678 previous=939x668
5346.521408 window-size frame=4616 live=0 outer=962x710 native=962x678 backing=962x678 glfw=962x678 framebuffer=962x678 drawn=962x678 previous=939x668
5346.521586 before-swap frame=4617 live=0 outer=962x710 native=962x678 backing=962x678 glfw=962x678 framebuffer=962x678 drawn=962x678 previous=939x668
5346.532630 after-swap frame=4617 live=0 outer=962x710 native=962x678 backing=962x678 glfw=962x678 framebuffer=962x678 drawn=962x678 previous=939x668
5346.533130 refresh frame=4617 live=0 outer=962x710 native=962x678 backing=962x678 glfw=962x678 framebuffer=962x678 drawn=0x0 previous=962x678
5346.595712 framebuffer-size frame=4622 live=0 outer=990x724 native=990x692 backing=990x692 glfw=990x692 framebuffer=990x692 drawn=990x692 previous=962x678
5346.595745 window-size frame=4622 live=0 outer=990x724 native=990x692 backing=990x692 glfw=990x692 framebuffer=990x692 drawn=990x692 previous=962x678
5346.595960 before-swap frame=4623 live=0 outer=990x724 native=990x692 backing=990x692 glfw=990x692 framebuffer=990x692 drawn=990x692 previous=962x678
5346.596591 after-swap frame=4623 live=0 outer=990x724 native=990x692 backing=990x692 glfw=990x692 framebuffer=990x692 drawn=990x692 previous=962x678
5346.612126 refresh frame=4625 live=0 outer=990x724 native=990x692 backing=990x692 glfw=990x692 framebuffer=990x692 drawn=0x0 previous=990x692
5346.661293 framebuffer-size frame=4629 live=0 outer=1006x731 native=1006x699 backing=1006x699 glfw=1006x699 framebuffer=1006x699 drawn=1006x699 previous=990x692
5346.661317 window-size frame=4629 live=0 outer=1006x731 native=1006x699 backing=1006x699 glfw=1006x699 framebuffer=1006x699 drawn=1006x699 previous=990x692
5346.661519 before-swap frame=4630 live=0 outer=1006x731 native=1006x699 backing=1006x699 glfw=1006x699 framebuffer=1006x699 drawn=1006x699 previous=990x692
5346.662253 after-swap frame=4630 live=0 outer=1006x731 native=1006x699 backing=1006x699 glfw=1006x699 framebuffer=1006x699 drawn=1006x699 previous=990x692
5346.662732 refresh frame=4630 live=0 outer=1006x731 native=1006x699 backing=1006x699 glfw=1006x699 framebuffer=1006x699 drawn=0x0 previous=1006x699
5346.719828 framebuffer-size frame=4635 live=0 outer=1013x735 native=1013x703 backing=1013x703 glfw=1013x703 framebuffer=1013x703 drawn=1013x703 previous=1006x699
5346.719864 window-size frame=4635 live=0 outer=1013x735 native=1013x703 backing=1013x703 glfw=1013x703 framebuffer=1013x703 drawn=1013x703 previous=1006x699
5346.720062 before-swap frame=4636 live=0 outer=1013x735 native=1013x703 backing=1013x703 glfw=1013x703 framebuffer=1013x703 drawn=1013x703 previous=1006x699
5346.720777 after-swap frame=4636 live=0 outer=1013x735 native=1013x703 backing=1013x703 glfw=1013x703 framebuffer=1013x703 drawn=1013x703 previous=1006x699
5346.721182 refresh frame=4636 live=0 outer=1013x735 native=1013x703 backing=1013x703 glfw=1013x703 framebuffer=1013x703 drawn=0x0 previous=1013x703
5346.853485 framebuffer-size frame=4648 live=0 outer=1011x735 native=1011x703 backing=1011x703 glfw=1011x703 framebuffer=1011x703 drawn=1011x703 previous=1013x703
5346.853526 window-size frame=4648 live=0 outer=1011x735 native=1011x703 backing=1011x703 glfw=1011x703 framebuffer=1011x703 drawn=1011x703 previous=1013x703
5346.853707 before-swap frame=4649 live=0 outer=1011x735 native=1011x703 backing=1011x703 glfw=1011x703 framebuffer=1011x703 drawn=1011x703 previous=1013x703
5346.854426 after-swap frame=4649 live=0 outer=1011x735 native=1011x703 backing=1011x703 glfw=1011x703 framebuffer=1011x703 drawn=1011x703 previous=1013x703
5346.854838 refresh frame=4649 live=0 outer=1011x735 native=1011x703 backing=1011x703 glfw=1011x703 framebuffer=1011x703 drawn=0x0 previous=1011x703
5346.904222 framebuffer-size frame=4653 live=0 outer=1004x726 native=1004x694 backing=1004x694 glfw=1004x694 framebuffer=1004x694 drawn=1004x694 previous=1011x703
5346.904247 window-size frame=4653 live=0 outer=1004x726 native=1004x694 backing=1004x694 glfw=1004x694 framebuffer=1004x694 drawn=1004x694 previous=1011x703
5346.904464 before-swap frame=4654 live=0 outer=1004x726 native=1004x694 backing=1004x694 glfw=1004x694 framebuffer=1004x694 drawn=1004x694 previous=1011x703
5346.905249 after-swap frame=4654 live=0 outer=1004x726 native=1004x694 backing=1004x694 glfw=1004x694 framebuffer=1004x694 drawn=1004x694 previous=1011x703
5346.920207 refresh frame=4656 live=0 outer=1004x726 native=1004x694 backing=1004x694 glfw=1004x694 framebuffer=1004x694 drawn=0x0 previous=1004x694
5346.970488 framebuffer-size frame=4660 live=0 outer=999x723 native=999x691 backing=999x691 glfw=999x691 framebuffer=999x691 drawn=999x691 previous=1004x694
5346.970512 window-size frame=4660 live=0 outer=999x723 native=999x691 backing=999x691 glfw=999x691 framebuffer=999x691 drawn=999x691 previous=1004x694
5346.970726 before-swap frame=4661 live=0 outer=999x723 native=999x691 backing=999x691 glfw=999x691 framebuffer=999x691 drawn=999x691 previous=1004x694
5346.971406 after-swap frame=4661 live=0 outer=999x723 native=999x691 backing=999x691 glfw=999x691 framebuffer=999x691 drawn=999x691 previous=1004x694
5347.007420 refresh frame=4664 live=0 outer=999x723 native=999x691 backing=999x691 glfw=999x691 framebuffer=999x691 drawn=0x0 previous=999x691
5347.036269 framebuffer-size frame=4667 live=0 outer=981x714 native=981x682 backing=981x682 glfw=981x682 framebuffer=981x682 drawn=981x682 previous=999x691
5347.036302 window-size frame=4667 live=0 outer=981x714 native=981x682 backing=981x682 glfw=981x682 framebuffer=981x682 drawn=981x682 previous=999x691
5347.036469 before-swap frame=4668 live=0 outer=981x714 native=981x682 backing=981x682 glfw=981x682 framebuffer=981x682 drawn=981x682 previous=999x691
5347.037127 after-swap frame=4668 live=0 outer=981x714 native=981x682 backing=981x682 glfw=981x682 framebuffer=981x682 drawn=981x682 previous=999x691
5347.037561 refresh frame=4668 live=0 outer=981x714 native=981x682 backing=981x682 glfw=981x682 framebuffer=981x682 drawn=0x0 previous=981x682
5347.102462 framebuffer-size frame=4674 live=0 outer=967x708 native=967x676 backing=967x676 glfw=967x676 framebuffer=967x676 drawn=967x676 previous=981x682
5347.102494 window-size frame=4674 live=0 outer=967x708 native=967x676 backing=967x676 glfw=967x676 framebuffer=967x676 drawn=967x676 previous=981x682
5347.102720 before-swap frame=4675 live=0 outer=967x708 native=967x676 backing=967x676 glfw=967x676 framebuffer=967x676 drawn=967x676 previous=981x682
5347.103424 after-swap frame=4675 live=0 outer=967x708 native=967x676 backing=967x676 glfw=967x676 framebuffer=967x676 drawn=967x676 previous=981x682
5347.103882 refresh frame=4675 live=0 outer=967x708 native=967x676 backing=967x676 glfw=967x676 framebuffer=967x676 drawn=0x0 previous=967x676
5347.163177 framebuffer-size frame=4680 live=0 outer=944x707 native=944x675 backing=944x675 glfw=944x675 framebuffer=944x675 drawn=944x675 previous=967x676
5347.163210 window-size frame=4680 live=0 outer=944x707 native=944x675 backing=944x675 glfw=944x675 framebuffer=944x675 drawn=944x675 previous=967x676
5347.163392 before-swap frame=4681 live=0 outer=944x707 native=944x675 backing=944x675 glfw=944x675 framebuffer=944x675 drawn=944x675 previous=967x676
5347.163996 after-swap frame=4681 live=0 outer=944x707 native=944x675 backing=944x675 glfw=944x675 framebuffer=944x675 drawn=944x675 previous=967x676
5347.182374 refresh frame=4683 live=0 outer=944x707 native=944x675 backing=944x675 glfw=944x675 framebuffer=944x675 drawn=0x0 previous=944x675
5347.220252 framebuffer-size frame=4687 live=0 outer=931x707 native=931x675 backing=931x675 glfw=931x675 framebuffer=931x675 drawn=931x675 previous=944x675
5347.220277 window-size frame=4687 live=0 outer=931x707 native=931x675 backing=931x675 glfw=931x675 framebuffer=931x675 drawn=931x675 previous=944x675
5347.220467 before-swap frame=4688 live=0 outer=931x707 native=931x675 backing=931x675 glfw=931x675 framebuffer=931x675 drawn=931x675 previous=944x675
5347.221459 after-swap frame=4688 live=0 outer=931x707 native=931x675 backing=931x675 glfw=931x675 framebuffer=931x675 drawn=931x675 previous=944x675
5347.233199 refresh frame=4689 live=0 outer=931x707 native=931x675 backing=931x675 glfw=931x675 framebuffer=931x675 drawn=0x0 previous=931x675
5347.277969 framebuffer-size frame=4692 live=0 outer=914x705 native=914x673 backing=914x673 glfw=914x673 framebuffer=914x673 drawn=914x673 previous=931x675
5347.277999 window-size frame=4692 live=0 outer=914x705 native=914x673 backing=914x673 glfw=914x673 framebuffer=914x673 drawn=914x673 previous=931x675
5347.278178 before-swap frame=4693 live=0 outer=914x705 native=914x673 backing=914x673 glfw=914x673 framebuffer=914x673 drawn=914x673 previous=931x675
5347.278822 after-swap frame=4693 live=0 outer=914x705 native=914x673 backing=914x673 glfw=914x673 framebuffer=914x673 drawn=914x673 previous=931x675
5347.279262 refresh frame=4693 live=0 outer=914x705 native=914x673 backing=914x673 glfw=914x673 framebuffer=914x673 drawn=0x0 previous=914x673
5347.336536 framebuffer-size frame=4698 live=0 outer=894x703 native=894x671 backing=894x671 glfw=894x671 framebuffer=894x671 drawn=894x671 previous=914x673
5347.336569 window-size frame=4698 live=0 outer=894x703 native=894x671 backing=894x671 glfw=894x671 framebuffer=894x671 drawn=894x671 previous=914x673
5347.336771 before-swap frame=4699 live=0 outer=894x703 native=894x671 backing=894x671 glfw=894x671 framebuffer=894x671 drawn=894x671 previous=914x673
5347.337451 after-swap frame=4699 live=0 outer=894x703 native=894x671 backing=894x671 glfw=894x671 framebuffer=894x671 drawn=894x671 previous=914x673
5347.337866 refresh frame=4699 live=0 outer=894x703 native=894x671 backing=894x671 glfw=894x671 framebuffer=894x671 drawn=0x0 previous=894x671
5347.387744 framebuffer-size frame=4704 live=0 outer=882x703 native=882x671 backing=882x671 glfw=882x671 framebuffer=882x671 drawn=882x671 previous=894x671
5347.387768 window-size frame=4704 live=0 outer=882x703 native=882x671 backing=882x671 glfw=882x671 framebuffer=882x671 drawn=882x671 previous=894x671
5347.387948 before-swap frame=4705 live=0 outer=882x703 native=882x671 backing=882x671 glfw=882x671 framebuffer=882x671 drawn=882x671 previous=894x671
5347.399634 after-swap frame=4705 live=0 outer=882x703 native=882x671 backing=882x671 glfw=882x671 framebuffer=882x671 drawn=882x671 previous=894x671
5347.400286 refresh frame=4705 live=0 outer=882x703 native=882x671 backing=882x671 glfw=882x671 framebuffer=882x671 drawn=0x0 previous=882x671
5347.470531 framebuffer-size frame=4709 live=0 outer=855x707 native=855x675 backing=855x675 glfw=855x675 framebuffer=855x675 drawn=855x675 previous=882x671
5347.470565 window-size frame=4709 live=0 outer=855x707 native=855x675 backing=855x675 glfw=855x675 framebuffer=855x675 drawn=855x675 previous=882x671
5347.470752 before-swap frame=4710 live=0 outer=855x707 native=855x675 backing=855x675 glfw=855x675 framebuffer=855x675 drawn=855x675 previous=882x671
5347.471355 after-swap frame=4710 live=0 outer=855x707 native=855x675 backing=855x675 glfw=855x675 framebuffer=855x675 drawn=855x675 previous=882x671
5347.490787 refresh frame=4712 live=0 outer=855x707 native=855x675 backing=855x675 glfw=855x675 framebuffer=855x675 drawn=0x0 previous=855x675
5347.528033 framebuffer-size frame=4716 live=0 outer=832x708 native=832x676 backing=832x676 glfw=832x676 framebuffer=832x676 drawn=832x676 previous=855x675
5347.528063 window-size frame=4716 live=0 outer=832x708 native=832x676 backing=832x676 glfw=832x676 framebuffer=832x676 drawn=832x676 previous=855x675
5347.528248 before-swap frame=4717 live=0 outer=832x708 native=832x676 backing=832x676 glfw=832x676 framebuffer=832x676 drawn=832x676 previous=855x675
5347.528845 after-swap frame=4717 live=0 outer=832x708 native=832x676 backing=832x676 glfw=832x676 framebuffer=832x676 drawn=832x676 previous=855x675
5347.529304 refresh frame=4717 live=0 outer=832x708 native=832x676 backing=832x676 glfw=832x676 framebuffer=832x676 drawn=0x0 previous=832x676
5347.594282 framebuffer-size frame=4723 live=0 outer=802x710 native=802x678 backing=802x678 glfw=802x678 framebuffer=802x678 drawn=802x678 previous=832x676
5347.594317 window-size frame=4723 live=0 outer=802x710 native=802x678 backing=802x678 glfw=802x678 framebuffer=802x678 drawn=802x678 previous=832x676
5347.594531 before-swap frame=4724 live=0 outer=802x710 native=802x678 backing=802x678 glfw=802x678 framebuffer=802x678 drawn=802x678 previous=832x676
5347.595155 after-swap frame=4724 live=0 outer=802x710 native=802x678 backing=802x678 glfw=802x678 framebuffer=802x678 drawn=802x678 previous=832x676
5347.595635 refresh frame=4724 live=0 outer=802x710 native=802x678 backing=802x678 glfw=802x678 framebuffer=802x678 drawn=0x0 previous=802x678
5347.653032 framebuffer-size frame=4729 live=0 outer=753x714 native=753x682 backing=753x682 glfw=753x682 framebuffer=753x682 drawn=753x682 previous=802x678
5347.653063 window-size frame=4729 live=0 outer=753x714 native=753x682 backing=753x682 glfw=753x682 framebuffer=753x682 drawn=753x682 previous=802x678
5347.653279 before-swap frame=4730 live=0 outer=753x714 native=753x682 backing=753x682 glfw=753x682 framebuffer=753x682 drawn=753x682 previous=802x678
5347.653951 after-swap frame=4730 live=0 outer=753x714 native=753x682 backing=753x682 glfw=753x682 framebuffer=753x682 drawn=753x682 previous=802x678
5347.654352 refresh frame=4730 live=0 outer=753x714 native=753x682 backing=753x682 glfw=753x682 framebuffer=753x682 drawn=0x0 previous=753x682
5347.712560 framebuffer-size frame=4735 live=0 outer=724x714 native=724x682 backing=724x682 glfw=724x682 framebuffer=724x682 drawn=724x682 previous=753x682
5347.712593 window-size frame=4735 live=0 outer=724x714 native=724x682 backing=724x682 glfw=724x682 framebuffer=724x682 drawn=724x682 previous=753x682
5347.712780 before-swap frame=4736 live=0 outer=724x714 native=724x682 backing=724x682 glfw=724x682 framebuffer=724x682 drawn=724x682 previous=753x682
5347.713556 after-swap frame=4736 live=0 outer=724x714 native=724x682 backing=724x682 glfw=724x682 framebuffer=724x682 drawn=724x682 previous=753x682
5347.724248 refresh frame=4737 live=0 outer=724x714 native=724x682 backing=724x682 glfw=724x682 framebuffer=724x682 drawn=0x0 previous=724x682
5347.762306 framebuffer-size frame=4741 live=0 outer=716x714 native=716x682 backing=716x682 glfw=716x682 framebuffer=716x682 drawn=716x682 previous=724x682
5347.762331 window-size frame=4741 live=0 outer=716x714 native=716x682 backing=716x682 glfw=716x682 framebuffer=716x682 drawn=716x682 previous=724x682
5347.762549 before-swap frame=4742 live=0 outer=716x714 native=716x682 backing=716x682 glfw=716x682 framebuffer=716x682 drawn=716x682 previous=724x682
5347.763414 after-swap frame=4742 live=0 outer=716x714 native=716x682 backing=716x682 glfw=716x682 framebuffer=716x682 drawn=716x682 previous=724x682
5347.774248 refresh frame=4743 live=0 outer=716x714 native=716x682 backing=716x682 glfw=716x682 framebuffer=716x682 drawn=0x0 previous=716x682
5347.819793 framebuffer-size frame=4747 live=0 outer=714x714 native=714x682 backing=714x682 glfw=714x682 framebuffer=714x682 drawn=714x682 previous=716x682
5347.819823 window-size frame=4747 live=0 outer=714x714 native=714x682 backing=714x682 glfw=714x682 framebuffer=714x682 drawn=714x682 previous=716x682
5347.820038 before-swap frame=4748 live=0 outer=714x714 native=714x682 backing=714x682 glfw=714x682 framebuffer=714x682 drawn=714x682 previous=716x682
5347.820709 after-swap frame=4748 live=0 outer=714x714 native=714x682 backing=714x682 glfw=714x682 framebuffer=714x682 drawn=714x682 previous=716x682
5347.821170 refresh frame=4748 live=0 outer=714x714 native=714x682 backing=714x682 glfw=714x682 framebuffer=714x682 drawn=0x0 previous=714x682
5347.870160 framebuffer-size frame=4752 live=0 outer=728x717 native=728x685 backing=728x685 glfw=728x685 framebuffer=728x685 drawn=728x685 previous=714x682
5347.870189 window-size frame=4752 live=0 outer=728x717 native=728x685 backing=728x685 glfw=728x685 framebuffer=728x685 drawn=728x685 previous=714x682
5347.870383 before-swap frame=4753 live=0 outer=728x717 native=728x685 backing=728x685 glfw=728x685 framebuffer=728x685 drawn=728x685 previous=714x682
5347.871013 after-swap frame=4753 live=0 outer=728x717 native=728x685 backing=728x685 glfw=728x685 framebuffer=728x685 drawn=728x685 previous=714x682
5347.871448 refresh frame=4753 live=0 outer=728x717 native=728x685 backing=728x685 glfw=728x685 framebuffer=728x685 drawn=0x0 previous=728x685
5347.921035 framebuffer-size frame=4758 live=0 outer=779x723 native=779x691 backing=779x691 glfw=779x691 framebuffer=779x691 drawn=779x691 previous=728x685
5347.921060 window-size frame=4758 live=0 outer=779x723 native=779x691 backing=779x691 glfw=779x691 framebuffer=779x691 drawn=779x691 previous=728x685
5347.921225 before-swap frame=4759 live=0 outer=779x723 native=779x691 backing=779x691 glfw=779x691 framebuffer=779x691 drawn=779x691 previous=728x685
5347.932968 after-swap frame=4759 live=0 outer=779x723 native=779x691 backing=779x691 glfw=779x691 framebuffer=779x691 drawn=779x691 previous=728x685
5347.933457 refresh frame=4759 live=0 outer=779x723 native=779x691 backing=779x691 glfw=779x691 framebuffer=779x691 drawn=0x0 previous=779x691
5347.995937 framebuffer-size frame=4764 live=0 outer=903x724 native=903x692 backing=903x692 glfw=903x692 framebuffer=903x692 drawn=903x692 previous=779x691
5347.995972 window-size frame=4764 live=0 outer=903x724 native=903x692 backing=903x692 glfw=903x692 framebuffer=903x692 drawn=903x692 previous=779x691
5347.996158 before-swap frame=4765 live=0 outer=903x724 native=903x692 backing=903x692 glfw=903x692 framebuffer=903x692 drawn=903x692 previous=779x691
5348.007205 after-swap frame=4765 live=0 outer=903x724 native=903x692 backing=903x692 glfw=903x692 framebuffer=903x692 drawn=903x692 previous=779x691
5348.007701 refresh frame=4765 live=0 outer=903x724 native=903x692 backing=903x692 glfw=903x692 framebuffer=903x692 drawn=0x0 previous=903x692
5348.061399 framebuffer-size frame=4771 live=0 outer=952x708 native=952x676 backing=952x676 glfw=952x676 framebuffer=952x676 drawn=952x676 previous=903x692
5348.061433 window-size frame=4771 live=0 outer=952x708 native=952x676 backing=952x676 glfw=952x676 framebuffer=952x676 drawn=952x676 previous=903x692
5348.061743 before-swap frame=4772 live=0 outer=952x708 native=952x676 backing=952x676 glfw=952x676 framebuffer=952x676 drawn=952x676 previous=903x692
5348.062463 after-swap frame=4772 live=0 outer=952x708 native=952x676 backing=952x676 glfw=952x676 framebuffer=952x676 drawn=952x676 previous=903x692
5348.062889 refresh frame=4772 live=0 outer=952x708 native=952x676 backing=952x676 glfw=952x676 framebuffer=952x676 drawn=0x0 previous=952x676
5348.119763 framebuffer-size frame=4777 live=0 outer=968x661 native=968x629 backing=968x629 glfw=968x629 framebuffer=968x629 drawn=968x629 previous=952x676
5348.119799 window-size frame=4777 live=0 outer=968x661 native=968x629 backing=968x629 glfw=968x629 framebuffer=968x629 drawn=968x629 previous=952x676
5348.120007 before-swap frame=4778 live=0 outer=968x661 native=968x629 backing=968x629 glfw=968x629 framebuffer=968x629 drawn=968x629 previous=952x676
5348.120730 after-swap frame=4778 live=0 outer=968x661 native=968x629 backing=968x629 glfw=968x629 framebuffer=968x629 drawn=968x629 previous=952x676
5348.121141 refresh frame=4778 live=0 outer=968x661 native=968x629 backing=968x629 glfw=968x629 framebuffer=968x629 drawn=0x0 previous=968x629
5348.179264 framebuffer-size frame=4783 live=0 outer=940x614 native=940x582 backing=940x582 glfw=940x582 framebuffer=940x582 drawn=940x582 previous=968x629
5348.179296 window-size frame=4783 live=0 outer=940x614 native=940x582 backing=940x582 glfw=940x582 framebuffer=940x582 drawn=940x582 previous=968x629
5348.179472 before-swap frame=4784 live=0 outer=940x614 native=940x582 backing=940x582 glfw=940x582 framebuffer=940x582 drawn=940x582 previous=968x629
5348.180190 after-swap frame=4784 live=0 outer=940x614 native=940x582 backing=940x582 glfw=940x582 framebuffer=940x582 drawn=940x582 previous=968x629
5348.199101 refresh frame=4786 live=0 outer=940x614 native=940x582 backing=940x582 glfw=940x582 framebuffer=940x582 drawn=0x0 previous=940x582
5348.236763 framebuffer-size frame=4790 live=0 outer=903x608 native=903x576 backing=903x576 glfw=903x576 framebuffer=903x576 drawn=903x576 previous=940x582
5348.236792 window-size frame=4790 live=0 outer=903x608 native=903x576 backing=903x576 glfw=903x576 framebuffer=903x576 drawn=903x576 previous=940x582
5348.236979 before-swap frame=4791 live=0 outer=903x608 native=903x576 backing=903x576 glfw=903x576 framebuffer=903x576 drawn=903x576 previous=940x582
5348.237851 after-swap frame=4791 live=0 outer=903x608 native=903x576 backing=903x576 glfw=903x576 framebuffer=903x576 drawn=903x576 previous=940x582
5348.274020 refresh frame=4794 live=0 outer=903x608 native=903x576 backing=903x576 glfw=903x576 framebuffer=903x576 drawn=0x0 previous=903x576
5348.303054 framebuffer-size frame=4797 live=0 outer=869x633 native=869x601 backing=869x601 glfw=869x601 framebuffer=869x601 drawn=869x601 previous=903x576
5348.303085 window-size frame=4797 live=0 outer=869x633 native=869x601 backing=869x601 glfw=869x601 framebuffer=869x601 drawn=869x601 previous=903x576
5348.303268 before-swap frame=4798 live=0 outer=869x633 native=869x601 backing=869x601 glfw=869x601 framebuffer=869x601 drawn=869x601 previous=903x576
5348.303901 after-swap frame=4798 live=0 outer=869x633 native=869x601 backing=869x601 glfw=869x601 framebuffer=869x601 drawn=869x601 previous=903x576
5348.304341 refresh frame=4798 live=0 outer=869x633 native=869x601 backing=869x601 glfw=869x601 framebuffer=869x601 drawn=0x0 previous=869x601
5348.387107 framebuffer-size frame=4806 live=0 outer=906x707 native=906x675 backing=906x675 glfw=906x675 framebuffer=906x675 drawn=906x675 previous=869x601
5348.387151 window-size frame=4806 live=0 outer=906x707 native=906x675 backing=906x675 glfw=906x675 framebuffer=906x675 drawn=906x675 previous=869x601
5348.387347 before-swap frame=4807 live=0 outer=906x707 native=906x675 backing=906x675 glfw=906x675 framebuffer=906x675 drawn=906x675 previous=869x601
5348.388007 after-swap frame=4807 live=0 outer=906x707 native=906x675 backing=906x675 glfw=906x675 framebuffer=906x675 drawn=906x675 previous=869x601
5348.419936 refresh frame=4810 live=0 outer=906x707 native=906x675 backing=906x675 glfw=906x675 framebuffer=906x675 drawn=0x0 previous=906x675
5348.454209 framebuffer-size frame=4813 live=0 outer=948x704 native=948x672 backing=948x672 glfw=948x672 framebuffer=948x672 drawn=948x672 previous=906x675
5348.454240 window-size frame=4813 live=0 outer=948x704 native=948x672 backing=948x672 glfw=948x672 framebuffer=948x672 drawn=948x672 previous=906x675
5348.454392 before-swap frame=4814 live=0 outer=948x704 native=948x672 backing=948x672 glfw=948x672 framebuffer=948x672 drawn=948x672 previous=906x675
5348.465611 after-swap frame=4814 live=0 outer=948x704 native=948x672 backing=948x672 glfw=948x672 framebuffer=948x672 drawn=948x672 previous=906x675
5348.466098 refresh frame=4814 live=0 outer=948x704 native=948x672 backing=948x672 glfw=948x672 framebuffer=948x672 drawn=0x0 previous=948x672
5348.528491 framebuffer-size frame=4821 live=0 outer=885x647 native=885x615 backing=885x615 glfw=885x615 framebuffer=885x615 drawn=885x615 previous=948x672
5348.528525 window-size frame=4821 live=0 outer=885x647 native=885x615 backing=885x615 glfw=885x615 framebuffer=885x615 drawn=885x615 previous=948x672
5348.528714 before-swap frame=4822 live=0 outer=885x647 native=885x615 backing=885x615 glfw=885x615 framebuffer=885x615 drawn=885x615 previous=948x672
5348.529336 after-swap frame=4822 live=0 outer=885x647 native=885x615 backing=885x615 glfw=885x615 framebuffer=885x615 drawn=885x615 previous=948x672
5348.529762 refresh frame=4822 live=0 outer=885x647 native=885x615 backing=885x615 glfw=885x615 framebuffer=885x615 drawn=0x0 previous=885x615
5348.586323 framebuffer-size frame=4827 live=0 outer=816x680 native=816x648 backing=816x648 glfw=816x648 framebuffer=816x648 drawn=816x648 previous=885x615
5348.586358 window-size frame=4827 live=0 outer=816x680 native=816x648 backing=816x648 glfw=816x648 framebuffer=816x648 drawn=816x648 previous=885x615
5348.586560 before-swap frame=4828 live=0 outer=816x680 native=816x648 backing=816x648 glfw=816x648 framebuffer=816x648 drawn=816x648 previous=885x615
5348.587206 after-swap frame=4828 live=0 outer=816x680 native=816x648 backing=816x648 glfw=816x648 framebuffer=816x648 drawn=816x648 previous=885x615
5348.587637 refresh frame=4828 live=0 outer=816x680 native=816x648 backing=816x648 glfw=816x648 framebuffer=816x648 drawn=0x0 previous=816x648
5348.646317 framebuffer-size frame=4834 live=0 outer=862x738 native=862x706 backing=862x706 glfw=862x706 framebuffer=862x706 drawn=862x706 previous=816x648
5348.646350 window-size frame=4834 live=0 outer=862x738 native=862x706 backing=862x706 glfw=862x706 framebuffer=862x706 drawn=862x706 previous=816x648
5348.646520 before-swap frame=4835 live=0 outer=862x738 native=862x706 backing=862x706 glfw=862x706 framebuffer=862x706 drawn=862x706 previous=816x648
5348.657872 after-swap frame=4835 live=0 outer=862x738 native=862x706 backing=862x706 glfw=862x706 framebuffer=862x706 drawn=862x706 previous=816x648
5348.658401 refresh frame=4835 live=0 outer=862x738 native=862x706 backing=862x706 glfw=862x706 framebuffer=862x706 drawn=0x0 previous=862x706
5348.720526 framebuffer-size frame=4840 live=0 outer=912x733 native=912x701 backing=912x701 glfw=912x701 framebuffer=912x701 drawn=912x701 previous=862x706
5348.720560 window-size frame=4840 live=0 outer=912x733 native=912x701 backing=912x701 glfw=912x701 framebuffer=912x701 drawn=912x701 previous=862x706
5348.720748 before-swap frame=4841 live=0 outer=912x733 native=912x701 backing=912x701 glfw=912x701 framebuffer=912x701 drawn=912x701 previous=862x706
5348.721666 after-swap frame=4841 live=0 outer=912x733 native=912x701 backing=912x701 glfw=912x701 framebuffer=912x701 drawn=912x701 previous=862x706
5348.753559 refresh frame=4844 live=0 outer=912x733 native=912x701 backing=912x701 glfw=912x701 framebuffer=912x701 drawn=0x0 previous=912x701
5348.794484 framebuffer-size frame=4847 live=0 outer=910x713 native=910x681 backing=910x681 glfw=910x681 framebuffer=910x681 drawn=910x681 previous=912x701
5348.794514 window-size frame=4847 live=0 outer=910x713 native=910x681 backing=910x681 glfw=910x681 framebuffer=910x681 drawn=910x681 previous=912x701
5348.794684 before-swap frame=4848 live=0 outer=910x713 native=910x681 backing=910x681 glfw=910x681 framebuffer=910x681 drawn=910x681 previous=912x701
5348.795344 after-swap frame=4848 live=0 outer=910x713 native=910x681 backing=910x681 glfw=910x681 framebuffer=910x681 drawn=910x681 previous=912x701
5348.795786 refresh frame=4848 live=0 outer=910x713 native=910x681 backing=910x681 glfw=910x681 framebuffer=910x681 drawn=0x0 previous=910x681
5348.854464 framebuffer-size frame=4854 live=0 outer=910x710 native=910x678 backing=910x678 glfw=910x678 framebuffer=910x678 drawn=910x678 previous=910x681
5348.854497 window-size frame=4854 live=0 outer=910x710 native=910x678 backing=910x678 glfw=910x678 framebuffer=910x678 drawn=910x678 previous=910x681
5348.854672 before-swap frame=4855 live=0 outer=910x710 native=910x678 backing=910x678 glfw=910x678 framebuffer=910x678 drawn=910x678 previous=910x681
5348.865597 after-swap frame=4855 live=0 outer=910x710 native=910x678 backing=910x678 glfw=910x678 framebuffer=910x678 drawn=910x678 previous=910x681
5348.866189 refresh frame=4855 live=0 outer=910x710 native=910x678 backing=910x678 glfw=910x678 framebuffer=910x678 drawn=0x0 previous=910x678
5348.912282 framebuffer-size frame=4860 live=0 outer=910x708 native=910x676 backing=910x676 glfw=910x676 framebuffer=910x676 drawn=910x676 previous=910x678
5348.912312 window-size frame=4860 live=0 outer=910x708 native=910x676 backing=910x676 glfw=910x676 framebuffer=910x676 drawn=910x676 previous=910x678
5348.912498 before-swap frame=4861 live=0 outer=910x708 native=910x676 backing=910x676 glfw=910x676 framebuffer=910x676 drawn=910x676 previous=910x678
5348.913328 after-swap frame=4861 live=0 outer=910x708 native=910x676 backing=910x676 glfw=910x676 framebuffer=910x676 drawn=910x676 previous=910x678
5348.932449 refresh frame=4863 live=0 outer=910x708 native=910x676 backing=910x676 glfw=910x676 framebuffer=910x676 drawn=0x0 previous=910x676
5351.888513 framebuffer-size frame=5201 live=0 outer=1327x652 native=1327x620 backing=1327x620 glfw=1327x620 framebuffer=1327x620 drawn=1327x620 previous=910x676
5351.888612 window-size frame=5201 live=0 outer=1327x652 native=1327x620 backing=1327x620 glfw=1327x620 framebuffer=1327x620 drawn=1327x620 previous=910x676
5351.888871 before-swap frame=5202 live=0 outer=1327x652 native=1327x620 backing=1327x620 glfw=1327x620 framebuffer=1327x620 drawn=1327x620 previous=910x676
5351.890117 after-swap frame=5202 live=0 outer=1327x652 native=1327x620 backing=1327x620 glfw=1327x620 framebuffer=1327x620 drawn=1327x620 previous=910x676
5351.890963 refresh frame=5202 live=0 outer=1327x652 native=1327x620 backing=1327x620 glfw=1327x620 framebuffer=1327x620 drawn=0x0 previous=1327x620
5351.954616 framebuffer-size frame=5208 live=0 outer=797x524 native=797x492 backing=797x492 glfw=797x492 framebuffer=797x492 drawn=797x492 previous=1327x620
5351.954651 window-size frame=5208 live=0 outer=797x524 native=797x492 backing=797x492 glfw=797x492 framebuffer=797x492 drawn=797x492 previous=1327x620
5351.954834 before-swap frame=5209 live=0 outer=797x524 native=797x492 backing=797x492 glfw=797x492 framebuffer=797x492 drawn=797x492 previous=1327x620
5351.955427 after-swap frame=5209 live=0 outer=797x524 native=797x492 backing=797x492 glfw=797x492 framebuffer=797x492 drawn=797x492 previous=1327x620
5351.988842 refresh frame=5212 live=0 outer=797x524 native=797x492 backing=797x492 glfw=797x492 framebuffer=797x492 drawn=0x0 previous=797x492
5352.027916 framebuffer-size frame=5215 live=0 outer=893x589 native=893x557 backing=893x557 glfw=893x557 framebuffer=893x557 drawn=893x557 previous=797x492
5352.027944 window-size frame=5215 live=0 outer=893x589 native=893x557 backing=893x557 glfw=893x557 framebuffer=893x557 drawn=893x557 previous=797x492
5352.028134 before-swap frame=5216 live=0 outer=893x589 native=893x557 backing=893x557 glfw=893x557 framebuffer=893x557 drawn=893x557 previous=797x492
5352.028747 after-swap frame=5216 live=0 outer=893x589 native=893x557 backing=893x557 glfw=893x557 framebuffer=893x557 drawn=893x557 previous=797x492
5352.029203 refresh frame=5216 live=0 outer=893x589 native=893x557 backing=893x557 glfw=893x557 framebuffer=893x557 drawn=0x0 previous=893x557
5352.094337 framebuffer-size frame=5222 live=0 outer=982x668 native=982x636 backing=982x636 glfw=982x636 framebuffer=982x636 drawn=982x636 previous=893x557
5352.094374 window-size frame=5222 live=0 outer=982x668 native=982x636 backing=982x636 glfw=982x636 framebuffer=982x636 drawn=982x636 previous=893x557
5352.094598 before-swap frame=5223 live=0 outer=982x668 native=982x636 backing=982x636 glfw=982x636 framebuffer=982x636 drawn=982x636 previous=893x557
5352.095227 after-swap frame=5223 live=0 outer=982x668 native=982x636 backing=982x636 glfw=982x636 framebuffer=982x636 drawn=982x636 previous=893x557
5352.095702 refresh frame=5223 live=0 outer=982x668 native=982x636 backing=982x636 glfw=982x636 framebuffer=982x636 drawn=0x0 previous=982x636
5352.154012 framebuffer-size frame=5228 live=0 outer=968x662 native=968x630 backing=968x630 glfw=968x630 framebuffer=968x630 drawn=968x630 previous=982x636
5352.154046 window-size frame=5228 live=0 outer=968x662 native=968x630 backing=968x630 glfw=968x630 framebuffer=968x630 drawn=968x630 previous=982x636
5352.154402 before-swap frame=5229 live=0 outer=968x662 native=968x630 backing=968x630 glfw=968x630 framebuffer=968x630 drawn=968x630 previous=982x636
5352.155171 after-swap frame=5229 live=0 outer=968x662 native=968x630 backing=968x630 glfw=968x630 framebuffer=968x630 drawn=968x630 previous=982x636
5352.166112 refresh frame=5230 live=0 outer=968x662 native=968x630 backing=968x630 glfw=968x630 framebuffer=968x630 drawn=0x0 previous=968x630
5353.752745 framebuffer-size frame=5416 live=0 outer=657x658 native=657x626 backing=657x626 glfw=657x626 framebuffer=657x626 drawn=657x626 previous=968x630
5353.752783 window-size frame=5416 live=0 outer=657x658 native=657x626 backing=657x626 glfw=657x626 framebuffer=657x626 drawn=657x626 previous=968x630
5353.752967 before-swap frame=5417 live=0 outer=657x658 native=657x626 backing=657x626 glfw=657x626 framebuffer=657x626 drawn=657x626 previous=968x630
5353.753517 after-swap frame=5417 live=0 outer=657x658 native=657x626 backing=657x626 glfw=657x626 framebuffer=657x626 drawn=657x626 previous=968x630
5353.753941 refresh frame=5417 live=0 outer=657x658 native=657x626 backing=657x626 glfw=657x626 framebuffer=657x626 drawn=0x0 previous=657x626
5353.813783 framebuffer-size frame=5422 live=0 outer=849x644 native=849x612 backing=849x612 glfw=849x612 framebuffer=849x612 drawn=849x612 previous=657x626
5353.813814 window-size frame=5422 live=0 outer=849x644 native=849x612 backing=849x612 glfw=849x612 framebuffer=849x612 drawn=849x612 previous=657x626
5353.814020 before-swap frame=5423 live=0 outer=849x644 native=849x612 backing=849x612 glfw=849x612 framebuffer=849x612 drawn=849x612 previous=657x626
5353.814643 after-swap frame=5423 live=0 outer=849x644 native=849x612 backing=849x612 glfw=849x612 framebuffer=849x612 drawn=849x612 previous=657x626
5353.832587 refresh frame=5425 live=0 outer=849x644 native=849x612 backing=849x612 glfw=849x612 framebuffer=849x612 drawn=0x0 previous=849x612
5353.870109 framebuffer-size frame=5429 live=0 outer=938x730 native=938x698 backing=938x698 glfw=938x698 framebuffer=938x698 drawn=938x698 previous=849x612
5353.870138 window-size frame=5429 live=0 outer=938x730 native=938x698 backing=938x698 glfw=938x698 framebuffer=938x698 drawn=938x698 previous=849x612
5353.870345 before-swap frame=5430 live=0 outer=938x730 native=938x698 backing=938x698 glfw=938x698 framebuffer=938x698 drawn=938x698 previous=849x612
5353.871041 after-swap frame=5430 live=0 outer=938x730 native=938x698 backing=938x698 glfw=938x698 framebuffer=938x698 drawn=938x698 previous=849x612
5353.871468 refresh frame=5430 live=0 outer=938x730 native=938x698 backing=938x698 glfw=938x698 framebuffer=938x698 drawn=0x0 previous=938x698
5353.920926 framebuffer-size frame=5435 live=0 outer=897x760 native=897x728 backing=897x728 glfw=897x728 framebuffer=897x728 drawn=897x728 previous=938x698
5353.920947 window-size frame=5435 live=0 outer=897x760 native=897x728 backing=897x728 glfw=897x728 framebuffer=897x728 drawn=897x728 previous=938x698
5353.921125 before-swap frame=5436 live=0 outer=897x760 native=897x728 backing=897x728 glfw=897x728 framebuffer=897x728 drawn=897x728 previous=938x698
5353.932871 after-swap frame=5436 live=0 outer=897x760 native=897x728 backing=897x728 glfw=897x728 framebuffer=897x728 drawn=897x728 previous=938x698
5353.933357 refresh frame=5436 live=0 outer=897x760 native=897x728 backing=897x728 glfw=897x728 framebuffer=897x728 drawn=0x0 previous=897x728
5353.995862 framebuffer-size frame=5441 live=0 outer=897x758 native=897x726 backing=897x726 glfw=897x726 framebuffer=897x726 drawn=897x726 previous=897x728
5353.995895 window-size frame=5441 live=0 outer=897x758 native=897x726 backing=897x726 glfw=897x726 framebuffer=897x726 drawn=897x726 previous=897x728
5353.996268 before-swap frame=5442 live=0 outer=897x758 native=897x726 backing=897x726 glfw=897x726 framebuffer=897x726 drawn=897x726 previous=897x728
5353.997104 after-swap frame=5442 live=0 outer=897x758 native=897x726 backing=897x726 glfw=897x726 framebuffer=897x726 drawn=897x726 previous=897x728
5354.007808 refresh frame=5443 live=0 outer=897x758 native=897x726 backing=897x726 glfw=897x726 framebuffer=897x726 drawn=0x0 previous=897x726
